Date,Price,Open,High,Low,Vol.,Change %
01/04/2019,3041.8501,2964.1499,3050.6599,2964.1499,43.09M,2.95%
01/07/2019,3033.6399,3050.0,3054.72,3016.3201,32.77M,-0.27%
01/08/2019,3054.9399,3032.0701,3079.1101,3032.0701,38.91M,0.7%
01/09/2019,3070.24,3062.3701,3089.1699,3060.96,39.38M,0.5%
01/10/2019,3075.73,3065.6599,3075.8301,3043.55,30.60M,0.18%
01/11/2019,3070.04,3079.5901,3087.6599,3056.3601,32.14M,-0.18%
01/14/2019,3055.1799,3060.6201,3063.3401,3037.1299,31.17M,-0.48%
01/15/2019,3068.05,3066.02,3088.49,3044.53,36.61M,0.42%
01/16/2019,3077.22,3073.0601,3083.5601,3062.27,37.83M,0.3%
01/17/2019,3069.3501,3069.4099,3073.0,3053.0801,32.65M,-0.26%
01/18/2019,3134.9199,3079.1499,3137.4199,3079.1499,47.97M,2.14%
01/21/2019,3125.0701,3131.8501,3131.8501,3120.03,20.27M,-0.31%
01/22/2019,3112.8,3120.3201,3122.76,3097.27,30.02M,-0.39%
01/23/2019,3112.1299,3104.0801,3132.79,3094.48,0,-0.02%
01/24/2019,3126.3101,3113.8899,3136.4199,3107.6699,38.51M,0.46%
01/25/2019,3163.24,3133.8101,3168.03,3133.8101,38.10M,1.18%
01/28/2019,3137.27,3157.0,3157.0,3131.26,31.34M,-0.82%
01/29/2019,3153.4199,3136.1499,3166.24,3130.75,29.99M,0.51%
01/30/2019,3161.74,3155.8,3163.3401,3148.8401,32.88M,0.26%
01/31/2019,3159.4299,3163.02,3177.1001,3129.5801,61.32M,-0.07%
02/01/2019,3171.1201,3162.46,3171.95,3143.5,45.25M,0.37%
02/04/2019,3165.2,3170.3,3174.23,3143.8701,33.17M,-0.19%
02/05/2019,3215.04,3165.8401,3215.04,3162.78,50.35M,1.57%
02/06/2019,3212.75,3208.4299,3216.1299,3199.03,39.80M,-0.07%
02/07/2019,3150.76,3204.9299,3208.6699,3150.76,45.53M,-1.93%
02/08/2019,3135.6201,3151.1699,3161.1399,3124.6201,38.32M,-0.48%
02/11/2019,3165.6101,3142.8401,3173.3899,3142.8401,33.33M,0.96%
02/12/2019,3190.75,3176.76,3200.5,3176.76,34.56M,0.79%
02/13/2019,3202.3701,3194.73,3214.22,3192.03,34.12M,0.36%
02/14/2019,3182.6599,3212.95,3228.1101,3182.6599,37.97M,-0.62%
02/15/2019,3241.25,3179.3799,3247.3401,3175.71,53.34M,1.84%
02/18/2019,3244.79,3239.1001,3248.1399,3235.5701,28.07M,0.11%
02/19/2019,3239.4099,3242.79,3251.22,3223.3999,31.37M,-0.17%
02/20/2019,3259.49,3241.7,3264.71,3236.74,29.93M,0.62%
02/21/2019,3263.7,3261.74,3270.0701,3254.5701,33.64M,0.13%
02/22/2019,3270.55,3263.49,3281.78,3259.74,26.57M,0.21%
02/25/2019,3280.01,3275.02,3289.48,3275.02,33.39M,0.29%
02/26/2019,3289.3201,3275.1399,3293.76,3261.03,34.34M,0.28%
02/27/2019,3282.77,3283.5701,3287.47,3269.98,42.64M,-0.2%
02/28/2019,3298.26,3271.1399,3301.02,3268.95,51.17M,0.47%
03/01/2019,3312.1001,3306.5901,3330.48,3306.5901,38.06M,0.42%
03/04/2019,3317.1201,3318.1001,3329.6499,3315.6299,28.13M,0.15%
03/05/2019,3327.1899,3316.96,3330.72,3308.6399,33.78M,0.3%
03/06/2019,3324.6699,3322.96,3340.6699,3317.98,35.93M,-0.08%
03/07/2019,3308.8501,3321.1799,3337.6599,3293.3401,56.11M,-0.48%
03/08/2019,3283.6001,3299.8501,3299.8501,3273.6799,45.27M,-0.76%
03/11/2019,3304.4399,3290.76,3306.6399,3284.6799,29.42M,0.63%
03/12/2019,3303.95,3312.3201,3320.24,3291.9099,30.74M,-0.01%
03/13/2019,3323.45,3301.8101,3327.3501,3300.1699,32.47M,0.59%
03/14/2019,3342.03,3322.9199,3349.8501,3322.9199,37.30M,0.56%
03/15/2019,3386.0801,3345.0601,3394.3201,3345.0601,91.32M,1.32%
03/18/2019,3387.9399,3385.46,3392.6299,3380.6499,36.10M,0.05%
03/19/2019,3409.0,3389.8101,3422.3401,3386.26,34.18M,0.62%
03/20/2019,3372.3799,3404.1001,3406.1201,3372.3799,32.98M,-1.07%
03/21/2019,3367.3999,3372.3601,3376.21,3348.95,34.55M,-0.15%
03/22/2019,3305.73,3371.6799,3377.9299,3301.6001,58.03M,-1.83%
03/25/2019,3300.48,3297.4099,3313.4299,3281.97,33.91M,-0.16%
03/26/2019,3319.53,3302.1299,3326.3501,3293.6799,32.05M,0.58%
03/27/2019,3322.04,3322.6399,3344.6699,3302.8,44.79M,0.08%
03/28/2019,3320.29,3321.3401,3337.5601,3315.9099,31.27M,-0.05%
03/29/2019,3351.71,3326.45,3354.3,3326.45,35.92M,0.95%
04/01/2019,3385.3799,3353.6699,3390.98,3353.6699,38.16M,1.0%
04/02/2019,3395.7,3386.1799,3402.77,3382.8401,28.85M,0.3%
04/03/2019,3435.5601,3399.9299,3435.8999,3399.9299,36.71M,1.17%
04/04/2019,3441.9299,3434.3401,3449.4399,3425.1899,33.15M,0.19%
04/05/2019,3447.47,3445.05,3453.02,3437.9199,31.10M,0.16%
04/08/2019,3438.0601,3446.1499,3447.1101,3433.47,25.22M,-0.27%
04/09/2019,3417.22,3437.0701,3450.6899,3416.6699,29.95M,-0.61%
04/10/2019,3424.6499,3418.3601,3435.3201,3418.3601,29.29M,0.22%
04/11/2019,3435.3401,3430.73,3442.25,3412.1499,36.88M,0.31%
04/12/2019,3447.8301,3432.1599,3454.77,3425.8401,45.59M,0.36%
04/15/2019,3450.46,3448.9099,3456.54,3443.5601,32.90M,0.08%
04/16/2019,3463.3601,3450.75,3465.98,3450.75,36.08M,0.37%
04/17/2019,3477.73,3466.8899,3486.76,3459.8101,40.13M,0.41%
04/18/2019,3499.23,3477.6699,3506.8201,3464.6399,46.03M,0.62%
04/23/2019,3503.8501,3494.3999,3506.6799,3487.1699,32.10M,0.13%
04/24/2019,3502.6299,3500.5601,3515.1499,3491.8899,40.51M,-0.03%
04/25/2019,3491.9199,3495.4099,3496.3999,3476.28,35.61M,-0.31%
04/26/2019,3500.4099,3492.0601,3503.46,3484.1299,30.97M,0.24%
04/29/2019,3501.9399,3494.47,3508.76,3481.0801,32.29M,0.04%
04/30/2019,3514.6201,3499.71,3514.6201,3488.1001,39.34M,0.36%
05/02/2019,3488.9299,3505.77,3511.4299,3487.75,38.42M,-0.73%
05/03/2019,3502.48,3489.48,3510.04,3486.72,27.23M,0.39%
05/06/2019,3462.95,3487.54,3487.54,3423.3301,32.92M,-1.13%
05/07/2019,3401.1599,3460.5601,3467.6399,3396.8999,47.04M,-1.78%
05/08/2019,3417.26,3400.1899,3423.96,3389.0701,40.57M,0.47%
05/09/2019,3350.71,3401.99,3401.99,3346.45,42.12M,-1.95%
05/10/2019,3361.05,3353.6799,3386.22,3349.8401,35.96M,0.31%
05/13/2019,3320.78,3362.52,3365.51,3311.1699,39.57M,-1.2%
05/14/2019,3364.3799,3324.8501,3364.3799,3324.8501,36.20M,1.31%
05/15/2019,3385.78,3364.8799,3385.78,3332.6799,44.24M,0.64%
05/16/2019,3438.5601,3379.7,3438.5601,3365.49,42.92M,1.56%
05/17/2019,3425.6399,3433.6899,3436.45,3402.5601,49.38M,-0.38%
05/20/2019,3369.78,3417.1201,3426.8701,3360.26,53.67M,-1.63%
05/21/2019,3386.51,3371.26,3395.9099,3370.3799,37.55M,0.5%
05/22/2019,3386.72,3384.9199,3396.8701,3359.6001,36.11M,0.01%
05/23/2019,3327.2,3378.48,3378.48,3323.7,45.39M,-1.76%
05/24/2019,3350.7,3330.99,3365.5801,3330.99,35.23M,0.71%
05/27/2019,3364.04,3350.6001,3380.8501,3350.6001,19.58M,0.4%
05/28/2019,3348.8601,3364.23,3369.9099,3337.77,52.63M,-0.45%
05/29/2019,3297.8101,3337.3799,3337.3799,3288.52,38.52M,-1.52%
05/31/2019,3280.4299,3312.4099,3312.4099,3258.04,49.35M,-0.53%
06/03/2019,3300.22,3274.97,3300.22,3248.54,34.97M,0.6%
06/04/2019,3333.49,3293.6299,3338.0801,3275.2,42.64M,1.01%
06/05/2019,3339.95,3334.3999,3355.6899,3326.9299,33.46M,0.19%
06/06/2019,3338.4099,3341.29,3370.8,3326.8999,41.51M,-0.05%
06/07/2019,3378.3799,3341.3301,3391.05,3341.3301,31.98M,1.2%
06/11/2019,3401.1001,3386.73,3418.1799,3386.73,31.65M,0.67%
06/12/2019,3386.6299,3398.5801,3398.5801,3376.45,30.13M,-0.43%
06/13/2019,3390.5,3384.3201,3401.72,3373.6799,28.24M,0.11%
06/14/2019,3379.1899,3388.78,3388.78,3363.0701,26.40M,-0.33%
06/17/2019,3383.21,3382.45,3393.8899,3375.8,24.21M,0.12%
06/18/2019,3452.8899,3381.5,3458.9099,3366.8701,49.96M,2.06%
06/19/2019,3454.7,3454.52,3457.3701,3444.1201,37.82M,0.05%
06/20/2019,3468.0801,3460.1001,3487.0,3460.1001,49.47M,0.39%
06/21/2019,3466.9199,3468.73,3496.79,3459.04,79.60M,-0.03%
06/24/2019,3455.5701,3466.3799,3473.75,3449.1899,27.88M,-0.33%
06/25/2019,3444.3601,3454.3101,3454.3101,3440.0601,27.33M,-0.32%
06/26/2019,3442.95,3444.28,3460.1599,3434.3301,31.75M,-0.04%
06/27/2019,3442.3799,3444.3601,3454.21,3424.6799,31.95M,-0.02%
06/28/2019,3473.6899,3442.3899,3476.9299,3442.3899,34.28M,0.91%
07/01/2019,3497.5901,3476.0801,3519.98,3476.0801,30.37M,0.69%
07/02/2019,3507.98,3498.9299,3511.1299,3491.4399,28.51M,0.3%
07/03/2019,3540.6299,3507.7,3540.6299,3507.7,41.65M,0.93%
07/04/2019,3544.1499,3541.8501,3549.26,3537.3501,36.66M,0.1%
07/05/2019,3527.98,3542.23,3544.02,3514.25,32.00M,-0.46%
07/08/2019,3523.76,3525.21,3531.47,3514.4099,26.90M,-0.12%
07/09/2019,3509.75,3522.27,3522.27,3492.1799,30.33M,-0.4%
07/10/2019,3501.52,3508.54,3523.6001,3497.74,31.34M,-0.23%
07/11/2019,3496.73,3506.3301,3515.77,3493.77,27.32M,-0.14%
07/12/2019,3497.6299,3497.02,3505.79,3492.1799,26.71M,0.03%
07/15/2019,3502.22,3497.99,3517.8401,3483.1699,23.68M,0.13%
07/16/2019,3521.3601,3500.8899,3530.1101,3498.3401,28.85M,0.55%
07/17/2019,3501.5801,3520.74,3529.45,3497.25,28.13M,-0.56%
07/18/2019,3482.8301,3497.3999,3500.8201,3467.25,32.60M,-0.54%
07/19/2019,3480.1799,3488.6799,3514.3301,3470.3999,42.22M,-0.08%
07/22/2019,3489.9199,3478.77,3498.6899,3476.4299,28.14M,0.28%
07/23/2019,3532.8701,3496.8601,3544.3401,3496.8601,32.06M,1.23%
07/24/2019,3532.8999,3533.3,3537.71,3520.8401,27.86M,0.0%
07/25/2019,3510.1499,3538.27,3573.5701,3491.77,50.51M,-0.64%
07/26/2019,3524.47,3511.1599,3526.99,3506.49,30.73M,0.41%
07/29/2019,3523.5801,3522.3601,3539.9399,3517.1201,23.96M,-0.03%
07/30/2019,3462.8501,3523.97,3526.53,3455.1299,44.46M,-1.72%
07/31/2019,3466.8501,3464.6899,3477.3501,3458.1101,36.67M,0.12%
08/02/2019,3376.1201,3473.0,3473.0,3368.6599,54.79M,-2.62%
08/05/2019,3310.9299,3365.49,3365.49,3302.3,45.54M,-1.93%
08/06/2019,3291.6599,3310.0801,3337.54,3291.6599,36.63M,-0.58%
08/07/2019,3309.99,3301.3101,3339.0701,3283.1299,42.32M,0.56%
08/08/2019,3375.3799,3323.77,3375.3799,3323.77,35.69M,1.98%
08/09/2019,3333.74,3366.29,3367.4299,3326.73,44.85M,-1.23%
08/12/2019,3326.55,3340.8201,3370.6299,3318.6599,31.86M,-0.22%
08/13/2019,3357.1599,3324.3601,3380.8101,3298.3201,45.17M,0.92%
08/14/2019,3288.7,3358.1201,3358.73,3276.01,45.27M,-2.04%
08/15/2019,3282.78,3294.5,3306.8799,3239.2,43.56M,-0.18%
08/16/2019,3329.0801,3286.54,3333.4399,3286.54,59.94M,1.41%
08/19/2019,3369.1899,3332.9299,3377.76,3332.9299,34.74M,1.2%
08/20/2019,3350.23,3368.21,3379.96,3341.23,29.87M,-0.56%
08/21/2019,3394.8899,3353.6599,3400.0601,3353.6599,27.74M,1.33%
08/22/2019,3373.6699,3390.05,3405.3501,3366.4399,32.11M,-0.63%
08/23/2019,3334.25,3382.3101,3394.21,3334.25,35.52M,-1.17%
08/26/2019,3348.8401,3329.73,3360.9299,3318.3301,27.18M,0.44%
08/27/2019,3370.47,3348.8401,3380.8799,3334.49,36.63M,0.65%
08/28/2019,3365.3799,3363.51,3368.23,3334.0701,28.77M,-0.15%
08/29/2019,3411.3301,3362.1201,3415.3601,3356.6799,42.79M,1.37%
08/30/2019,3426.76,3412.45,3443.0801,3412.1101,39.17M,0.45%
09/02/2019,3432.54,3426.24,3442.71,3426.24,20.01M,0.17%
09/03/2019,3420.74,3432.22,3432.22,3406.55,28.43M,-0.34%
09/04/2019,3450.8301,3424.98,3461.0601,3424.98,36.06M,0.88%
09/05/2019,3484.7,3453.99,3488.48,3453.99,40.11M,0.98%
09/06/2019,3495.1899,3484.8601,3495.8701,3479.6201,35.28M,0.3%
09/09/2019,3495.02,3495.8501,3503.05,3486.75,34.62M,-0.0%
09/10/2019,3498.99,3493.8,3501.6799,3479.5801,46.31M,0.11%
09/11/2019,3516.8201,3502.24,3520.95,3502.24,44.09M,0.51%
09/12/2019,3538.8601,3522.04,3555.1001,3512.5901,51.02M,0.63%
09/13/2019,3550.1101,3539.9299,3555.8501,3534.3799,44.76M,0.32%
09/16/2019,3518.45,3540.47,3540.47,3518.45,39.32M,-0.89%
09/17/2019,3521.26,3517.5701,3527.0,3506.3601,38.65M,0.08%
09/18/2019,3528.04,3520.8799,3536.6499,3518.01,32.02M,0.19%
09/19/2019,3552.6499,3527.5,3554.8701,3524.3701,34.83M,0.7%
09/20/2019,3571.3899,3552.73,3578.04,3546.3,87.16M,0.53%
09/23/2019,3536.97,3565.96,3565.96,3526.26,35.11M,-0.96%
09/24/2019,3532.05,3542.53,3547.98,3531.6499,29.82M,-0.14%
09/25/2019,3513.03,3526.8401,3526.8401,3480.28,35.38M,-0.54%
09/26/2019,3532.1799,3509.8,3538.1599,3506.05,30.75M,0.55%
09/27/2019,3545.8799,3534.47,3553.25,3534.47,0,0.39%
09/30/2019,3569.45,3545.0701,3570.1499,3536.9099,34.92M,0.66%
10/01/2019,3518.25,3573.0801,3588.6799,3518.25,35.33M,-1.43%
10/02/2019,3413.3101,3516.8799,3516.8799,3413.3101,46.05M,-2.98%
10/03/2019,3417.3701,3414.1399,3431.24,3398.6399,32.35M,0.12%
10/04/2019,3446.71,3423.75,3446.71,3406.4399,32.07M,0.86%
10/07/2019,3471.24,3442.1399,3471.8799,3433.8701,24.77M,0.71%
10/08/2019,3432.76,3473.24,3476.46,3426.8201,28.96M,-1.11%
10/09/2019,3462.1101,3433.1699,3473.9199,3427.77,25.25M,0.85%
10/10/2019,3493.96,3469.99,3501.1899,3445.4399,35.74M,0.92%
10/11/2019,3569.9199,3494.78,3569.9199,3490.52,47.63M,2.17%
10/14/2019,3556.26,3565.3799,3565.3799,3531.23,25.85M,-0.38%
10/15/2019,3598.6499,3562.3899,3610.3101,3562.3899,42.81M,1.19%
10/16/2019,3599.25,3600.76,3610.4399,3588.0901,46.72M,0.02%
10/17/2019,3588.6201,3595.73,3630.4299,3588.6201,44.31M,-0.3%
10/18/2019,3579.4099,3587.3999,3596.71,3571.01,34.80M,-0.26%
10/21/2019,3600.0801,3583.3701,3608.95,3578.8101,34.60M,0.58%
10/22/2019,3604.8201,3600.9399,3609.3401,3586.6399,32.15M,0.13%
10/23/2019,3606.8899,3595.78,3608.6299,3585.76,36.31M,0.06%
10/24/2019,3621.3701,3611.6201,3626.8799,3607.8401,51.63M,0.4%
10/25/2019,3624.6799,3622.79,3631.04,3604.3999,32.17M,0.09%
10/28/2019,3625.6899,3623.8401,3637.9399,3614.8301,31.46M,0.03%
10/29/2019,3622.0901,3625.53,3625.99,3611.77,34.74M,-0.1%
10/30/2019,3620.29,3616.25,3624.53,3596.3,42.74M,-0.05%
10/31/2019,3604.4099,3625.3601,3631.8701,3593.6001,44.94M,-0.44%
11/01/2019,3623.74,3610.22,3633.6399,3607.6799,27.79M,0.54%
11/04/2019,3665.21,3631.45,3671.8101,3631.45,41.80M,1.14%
11/05/2019,3676.52,3666.54,3678.6299,3661.21,48.16M,0.31%
11/06/2019,3688.74,3675.4299,3692.2,3671.24,42.30M,0.33%
11/07/2019,3706.6799,3694.97,3708.6499,3694.97,44.58M,0.49%
11/08/2019,3699.6499,3703.3501,3706.9099,3687.99,42.03M,-0.19%
11/11/2019,3696.8201,3696.97,3702.78,3683.3301,31.57M,-0.08%
11/12/2019,3712.2,3700.49,3719.3999,3700.1101,34.98M,0.42%
11/13/2019,3699.5,3710.74,3710.74,3679.6299,39.60M,-0.34%
11/14/2019,3688.8101,3699.73,3702.9399,3687.27,31.67M,-0.29%
11/15/2019,3711.6101,3698.0601,3713.26,3690.0601,33.45M,0.62%
11/18/2019,3704.9199,3711.1799,3716.79,3687.3,29.75M,-0.18%
11/19/2019,3696.5601,3704.8799,3733.45,3688.5901,29.83M,-0.23%
11/20/2019,3683.8799,3688.8601,3688.8601,3663.21,30.77M,-0.34%
11/21/2019,3679.6599,3675.75,3688.3701,3651.51,30.18M,-0.11%
11/22/2019,3687.3201,3682.22,3709.8799,3682.22,31.89M,0.21%
11/25/2019,3707.6799,3697.49,3710.8701,3697.49,23.58M,0.55%
11/26/2019,3705.55,3708.4299,3711.75,3694.7,42.78M,-0.06%
11/27/2019,3712.8501,3708.71,3721.76,3704.49,27.54M,0.2%
11/28/2019,3704.48,3707.05,3708.1599,3698.22,20.88M,-0.23%
11/29/2019,3703.5801,3699.3401,3719.8301,3686.9399,28.77M,-0.02%
12/02/2019,3626.6599,3703.76,3729.74,3623.1201,44.66M,-2.08%
12/03/2019,3610.99,3635.1499,3647.52,3594.8,37.67M,-0.43%
12/04/2019,3660.02,3611.95,3665.8999,3611.95,32.16M,1.36%
12/05/2019,3648.1299,3663.0,3683.0701,3648.1299,25.38M,-0.32%
12/06/2019,3692.3401,3653.23,3692.71,3653.23,29.11M,1.21%
12/09/2019,3672.1799,3691.8601,3691.8601,3671.0701,26.45M,-0.55%
12/10/2019,3671.78,3671.97,3675.8799,3625.0,28.58M,-0.01%
12/11/2019,3687.45,3667.45,3692.1101,3659.53,26.62M,0.43%
12/12/2019,3706.3501,3689.6699,3723.6001,3675.6299,40.50M,0.51%
12/13/2019,3731.0701,3720.6499,3765.7,3720.6499,49.28M,0.67%
12/16/2019,3772.74,3738.9099,3778.47,3738.9099,30.02M,1.12%
12/17/2019,3745.28,3769.1399,3769.1399,3742.6201,37.23M,-0.73%
12/18/2019,3739.0,3744.0,3755.8101,3739.0,33.48M,-0.17%
12/19/2019,3739.1699,3741.53,3747.3401,3722.5701,35.61M,0.0%
12/20/2019,3776.5601,3740.71,3776.5601,3738.22,84.85M,1.0%
12/23/2019,3776.6599,3775.0701,3778.98,3767.8,23.06M,0.0%
12/27/2019,3782.27,3776.8201,3794.9299,3775.26,24.44M,0.15%
12/30/2019,3748.47,3780.4399,3780.4399,3748.47,18.68M,-0.89%
01/03/2020,3773.3701,3787.5701,3787.5701,3745.54,30.34M,0.66%
01/06/2020,3752.52,3764.3401,3764.3401,3710.9399,28.34M,-0.55%
01/07/2020,3759.25,3760.0901,3784.4199,3748.1299,29.85M,0.18%
01/08/2020,3772.5601,3752.8701,3775.4299,3732.8999,34.99M,0.35%
01/09/2020,3795.8799,3782.77,3807.0901,3782.77,33.48M,0.62%
01/10/2020,3789.52,3801.1201,3803.9099,3786.9299,27.40M,-0.17%
01/13/2020,3779.6799,3789.8701,3798.5801,3768.45,27.51M,-0.26%
01/14/2020,3774.8799,3779.3501,3783.76,3745.47,33.07M,-0.13%
01/15/2020,3768.96,3774.9299,3778.9399,3755.3,33.41M,-0.16%
01/16/2020,3774.1399,3770.96,3785.6699,3758.55,17.58M,0.14%
01/17/2020,3808.26,3780.54,3813.8,3780.54,33.00M,0.9%
01/20/2020,3799.03,3804.74,3805.6101,3791.51,20.83M,-0.24%
01/21/2020,3789.1201,3786.26,3789.1201,3760.3601,27.59M,-0.26%
01/22/2020,3769.79,3792.05,3802.6799,3765.49,32.48M,-0.51%
01/23/2020,3736.8501,3764.1001,3770.01,3734.0601,33.33M,-0.87%
01/24/2020,3779.1599,3744.75,3795.3301,3744.75,31.73M,1.13%
01/27/2020,3677.8401,3754.6299,3754.6299,3673.8,44.84M,-2.68%
01/28/2020,3719.22,3684.6899,3722.71,3671.74,37.48M,1.13%
01/29/2020,3736.3601,3717.6399,3743.26,3715.74,36.47M,0.46%
01/30/2020,3690.78,3717.9299,3717.9299,3676.6599,42.46M,-1.22%
01/31/2020,3640.9099,3697.6699,3705.3301,3639.4399,49.70M,-1.35%
02/03/2020,3661.27,3646.8601,3673.28,3641.8401,32.50M,0.56%
02/04/2020,3732.28,3670.98,3732.28,3670.98,45.38M,1.94%
02/05/2020,3777.8401,3727.22,3782.8501,3717.72,56.85M,1.22%
02/06/2020,3805.52,3791.0701,3808.74,3790.54,52.51M,0.73%
02/07/2020,3798.49,3804.8601,3806.0601,3782.21,39.16M,-0.18%
02/10/2020,3793.1799,3794.1799,3794.1799,3779.1001,28.46M,-0.14%
02/11/2020,3825.8401,3804.46,3832.0601,3804.46,38.62M,0.86%
02/12/2020,3854.4299,3829.6599,3854.4299,3829.6599,42.24M,0.75%
02/13/2020,3846.74,3849.1001,3849.1001,3799.98,38.74M,-0.2%
02/14/2020,3840.97,3847.9299,3851.4199,3835.79,29.90M,-0.15%
02/17/2020,3853.27,3843.1001,3854.3,3841.0601,0,0.32%
02/18/2020,3836.54,3848.5601,3848.5601,3826.23,53.06M,-0.43%
02/19/2020,3865.1799,3846.3899,3865.4299,3846.3899,40.37M,0.75%
02/20/2020,3822.98,3867.28,3867.28,3822.98,41.28M,-1.09%
02/21/2020,3800.3799,3816.51,3827.3601,3776.8201,48.44M,-0.59%
02/24/2020,3647.98,3762.3501,3762.3501,3632.29,80.00M,-4.01%
02/25/2020,3572.51,3655.8401,3668.7,3568.48,62.81M,-2.07%
02/26/2020,3577.6799,3567.03,3595.8,3467.5801,71.79M,0.14%
02/27/2020,3455.9199,3553.05,3553.05,3410.7,86.76M,-3.4%
02/28/2020,3329.49,3431.52,3431.52,3283.1799,123.09M,-3.66%
03/02/2020,3338.8301,3355.3301,3406.3999,3257.99,90.02M,0.28%
03/03/2020,3371.97,3355.52,3448.24,3354.3,79.45M,0.99%
03/04/2020,3420.5601,3374.0,3438.21,3350.23,66.43M,1.44%
03/05/2020,3363.5801,3431.78,3438.0601,3338.4099,73.06M,-1.67%
03/06/2020,3232.0701,3347.8301,3347.8301,3216.4399,85.09M,-3.91%
03/09/2020,2959.0701,3214.2,3214.2,2939.8501,143.37M,-8.45%
03/10/2020,2910.02,2973.6101,3088.5701,2896.74,118.22M,-1.66%
03/11/2020,2905.5601,2924.9299,2998.6499,2893.4299,87.72M,-0.15%
03/12/2020,2545.23,2883.25,2883.25,2535.8899,167.33M,-12.4%
03/13/2020,2586.02,2584.3601,2793.27,2537.27,136.55M,1.6%
03/16/2020,2450.3701,2557.71,2557.71,2302.8401,137.14M,-5.25%
03/17/2020,2530.5,2475.1799,2555.4099,2376.23,106.91M,3.27%
03/18/2020,2385.8201,2507.3301,2507.3301,2365.7,98.21M,-5.72%
03/19/2020,2454.0801,2388.9399,2461.5701,2345.3,101.35M,2.86%
03/20/2020,2548.5,2475.1399,2613.53,2475.1399,133.71M,3.85%
03/23/2020,2485.54,2520.48,2588.48,2427.8701,0,-2.47%
03/24/2020,2715.1101,2507.6101,2715.1101,2507.6101,87.88M,9.24%
03/25/2020,2800.1399,2756.99,2829.3401,2670.27,90.51M,3.13%
03/26/2020,2847.78,2765.8601,2847.78,2706.29,65.31M,1.7%
03/27/2020,2728.6499,2803.0901,2803.0901,2694.78,66.18M,-4.18%
03/30/2020,2765.6201,2734.9199,2765.6201,2658.8799,64.13M,1.35%
03/31/2020,2786.8999,2780.8,2827.3201,2728.02,74.50M,0.77%
04/01/2020,2680.3,2760.54,2760.54,2663.4199,63.22M,-3.83%
04/02/2020,2688.49,2693.1299,2711.45,2626.1001,66.56M,0.31%
04/03/2020,2662.99,2686.0701,2693.5,2655.8,63.60M,-0.95%
04/06/2020,2795.97,2701.8601,2804.7,2701.8601,58.55M,4.99%
04/07/2020,2857.6699,2819.53,2914.46,2819.53,68.93M,2.21%
04/08/2020,2851.27,2846.25,2851.27,2793.71,47.43M,-0.22%
04/09/2020,2892.79,2864.45,2922.0701,2833.45,63.03M,1.46%
04/14/2020,2917.74,2911.2,2956.22,2905.72,51.06M,0.86%
04/15/2020,2808.2,2914.3,2914.3,2795.47,60.16M,-3.75%
04/16/2020,2812.3501,2826.7,2853.5701,2792.1699,53.50M,0.15%
04/17/2020,2888.3,2842.1001,2931.55,2842.1001,61.20M,2.7%
04/20/2020,2909.5,2894.9099,2909.5,2839.1799,42.21M,0.73%
04/21/2020,2791.3401,2889.5701,2889.5701,2791.3401,50.94M,-4.06%
04/22/2020,2834.8999,2800.8101,2838.26,2800.8101,41.19M,1.56%
04/23/2020,2852.46,2837.3201,2883.6001,2815.1201,41.58M,0.62%
04/24/2020,2809.0701,2837.3301,2849.0801,2799.1201,42.44M,-1.52%
04/27/2020,2882.0901,2838.96,2882.1101,2838.96,36.12M,2.6%
04/28/2020,2932.0601,2882.8101,2951.3501,2880.72,54.62M,1.73%
04/29/2020,2996.0801,2934.49,3000.49,2919.74,50.04M,2.18%
04/30/2020,2927.9299,3003.21,3023.8301,2917.3101,72.74M,-2.27%
05/04/2020,2816.48,2898.8899,2898.8899,2801.0701,57.39M,-3.81%
05/05/2020,2875.9099,2830.3301,2878.51,2827.3701,48.88M,2.11%
05/06/2020,2843.76,2876.45,2878.7,2839.77,41.34M,-1.12%
05/07/2020,2880.6001,2842.8201,2883.02,2842.8201,40.52M,1.3%
05/08/2020,2908.1101,2892.95,2912.02,2887.49,30.05M,0.96%
05/11/2020,2883.75,2915.72,2927.26,2861.71,34.18M,-0.84%
05/12/2020,2884.2,2878.6101,2896.3999,2871.25,34.34M,0.02%
05/13/2020,2810.55,2872.01,2872.01,2805.27,43.28M,-2.55%
05/14/2020,2760.23,2796.48,2796.48,2708.0701,57.06M,-1.79%
05/15/2020,2770.7,2777.4299,2801.8501,2755.1499,45.57M,0.38%
05/18/2020,2911.8799,2800.0701,2923.3201,2800.0701,49.02M,5.1%
05/19/2020,2902.5801,2931.1699,2944.96,2876.6599,67.92M,-0.32%
05/20/2020,2942.3899,2895.51,2946.47,2874.95,53.60M,1.37%
05/22/2020,2905.47,2889.3799,2922.2,2854.0701,45.19M,-1.25%
05/25/2020,2971.3501,2919.1001,2971.3501,2912.96,26.95M,2.27%
05/26/2020,2999.22,2983.6499,3009.4299,2978.53,57.52M,0.94%
05/27/2020,3051.0801,3004.0901,3067.3501,3002.6599,79.31M,1.73%
05/28/2020,3094.47,3058.75,3102.96,3053.76,58.75M,1.42%
05/29/2020,3050.2,3081.78,3096.24,3049.3301,74.78M,-1.43%
06/02/2020,3159.02,3096.1499,3168.48,3096.1499,61.02M,3.57%
06/03/2020,3269.5901,3169.73,3275.6799,3169.73,72.25M,3.5%
06/04/2020,3261.6699,3261.0901,3293.26,3232.79,72.91M,-0.24%
06/05/2020,3384.29,3281.9199,3386.96,3281.9199,92.61M,3.76%
06/08/2020,3366.29,3378.9399,3394.8999,3341.24,73.19M,-0.53%
06/09/2020,3320.71,3368.55,3377.2,3294.74,74.58M,-1.35%
06/10/2020,3293.71,3327.3101,3355.76,3289.25,52.91M,-0.81%
06/11/2020,3144.5701,3263.6101,3263.6101,3144.5701,75.07M,-4.53%
06/12/2020,3153.74,3135.22,3213.76,3110.3,56.15M,0.29%
06/15/2020,3136.3999,3131.4299,3153.3701,3054.1101,52.22M,-0.55%
06/16/2020,3242.6499,3156.03,3277.8701,3156.03,65.93M,3.39%
06/17/2020,3267.26,3240.0901,3282.9199,3238.5601,51.16M,0.76%
06/18/2020,3249.8999,3260.6699,3288.1799,3225.1001,53.77M,-0.53%
06/19/2020,3269.1001,3257.0,3300.6599,3257.0,111.74M,0.59%
06/22/2020,3241.6899,3259.4299,3279.4199,3219.1499,35.28M,-0.84%
06/23/2020,3298.8301,3253.3301,3317.8701,3253.3301,47.21M,1.76%
06/24/2020,3196.1201,3289.0,3289.0,3196.1201,45.12M,-3.11%
06/25/2020,3218.9099,3196.25,3235.3601,3149.6699,44.00M,0.71%
06/26/2020,3204.1699,3233.1399,3272.97,3199.8101,37.10M,-0.46%
06/29/2020,3232.02,3196.21,3252.3301,3183.1101,38.66M,0.87%
06/30/2020,3234.0701,3235.8701,3249.4299,3209.96,41.99M,0.06%
07/01/2020,3228.45,3239.8601,3250.5601,3181.1201,34.84M,-0.17%
07/02/2020,3320.0901,3239.48,3335.3999,3239.48,54.20M,2.84%
07/03/2020,3294.3799,3321.8301,3330.48,3279.0701,28.27M,-0.77%
07/06/2020,3350.03,3314.3999,3375.7,3314.3999,43.07M,1.69%
07/07/2020,3321.5601,3338.72,3338.72,3299.99,34.87M,-0.85%
07/08/2020,3286.0901,3310.8301,3324.8501,3278.1001,38.17M,-1.07%
07/09/2020,3261.1699,3291.7,3315.54,3253.5801,33.33M,-0.76%
07/10/2020,3296.22,3255.3999,3299.54,3241.29,31.88M,1.07%
07/13/2020,3350.0,3311.8201,3353.26,3307.5601,32.80M,1.63%
07/14/2020,3321.3899,3330.0801,3330.0801,3277.3999,36.82M,-0.85%
07/15/2020,3378.21,3331.8401,3399.71,3331.8401,46.66M,1.71%
07/16/2020,3365.3501,3371.05,3376.5801,3340.96,34.87M,-0.38%
07/17/2020,3365.6001,3370.51,3375.22,3353.98,40.43M,0.01%
07/20/2020,3388.3401,3361.25,3393.4299,3332.6399,31.56M,0.68%
07/21/2020,3405.3501,3404.1599,3451.1599,3401.4199,50.37M,0.5%
07/22/2020,3370.76,3399.8799,3402.1899,3361.53,37.09M,-1.02%
07/23/2020,3371.74,3379.5701,3400.9199,3362.3401,35.87M,0.03%
07/24/2020,3310.8899,3349.54,3349.54,3294.8899,34.26M,-1.8%
07/27/2020,3302.8401,3308.1699,3317.1799,3292.48,29.10M,-0.24%
07/28/2020,3303.5601,3302.6799,3316.8201,3280.6699,31.36M,0.02%
07/29/2020,3300.1599,3304.22,3314.96,3293.6201,35.92M,-0.1%
07/30/2020,3208.2,3300.6101,3300.6101,3174.3799,60.17M,-2.79%
07/31/2020,3174.3201,3211.21,3245.97,3174.3201,55.69M,-1.06%
08/03/2020,3248.28,3177.76,3263.6499,3173.98,48.85M,2.33%
08/04/2020,3254.29,3253.8401,3278.5601,3230.52,47.68M,0.19%
08/05/2020,3268.3799,3258.3201,3293.1699,3258.3201,41.26M,0.43%
08/06/2020,3240.3899,3264.0801,3286.1001,3223.75,65.36M,-0.86%
08/07/2020,3252.6499,3240.52,3256.9199,3220.05,37.02M,0.38%
08/10/2020,3259.71,3259.27,3276.6101,3239.25,26.23M,0.22%
08/11/2020,3332.1201,3269.9099,3349.76,3269.9099,43.23M,2.22%
08/12/2020,3363.1799,3327.8799,3377.4399,3321.46,39.37M,0.93%
08/13/2020,3342.8501,3358.0901,3368.0701,3336.5701,27.82M,-0.6%
08/14/2020,3305.05,3339.3301,3339.3301,3275.9099,30.33M,-1.13%
08/17/2020,3305.8501,3305.6499,3319.1001,3285.99,23.39M,0.02%
08/18/2020,3289.6399,3301.3601,3333.6399,3276.02,28.15M,-0.49%
08/19/2020,3317.6201,3287.0801,3317.8401,3275.51,21.32M,0.85%
08/20/2020,3273.98,3306.6899,3306.6899,3257.6001,28.00M,-1.32%
08/21/2020,3259.75,3277.6101,3292.5701,3221.4199,35.55M,-0.43%
08/24/2020,3331.74,3269.51,3338.47,3269.51,29.47M,2.21%
08/25/2020,3329.71,3335.01,3373.47,3329.71,33.09M,-0.06%
08/26/2020,3356.76,3328.4199,3357.8799,3315.3999,22.97M,0.81%
08/27/2020,3331.04,3357.02,3359.1399,3326.6499,34.25M,-0.77%
08/28/2020,3315.54,3333.1899,3339.74,3296.26,34.92M,-0.47%
08/31/2020,3272.51,3320.6799,3346.1101,3266.55,38.08M,-1.3%
09/01/2020,3277.5801,3279.1101,3311.3999,3245.03,39.44M,0.15%
09/02/2020,3337.77,3284.3,3358.1101,3284.3,39.21M,1.84%
09/03/2020,3304.22,3344.21,3396.02,3285.55,41.86M,-1.01%
09/04/2020,3260.5901,3294.9299,3328.76,3234.8101,52.02M,-1.32%
09/07/2020,3314.0701,3264.4299,3320.55,3264.4299,30.64M,1.64%
09/08/2020,3267.3701,3314.8501,3320.3799,3241.6101,40.32M,-1.41%
09/09/2020,3324.8301,3266.8701,3332.99,3266.8701,38.25M,1.76%
09/10/2020,3312.77,3326.28,3337.72,3300.0801,37.19M,-0.36%
09/11/2020,3315.8101,3312.78,3329.0901,3292.4199,36.52M,0.09%
09/14/2020,3316.79,3319.9399,3346.3999,3309.0601,26.47M,0.03%
09/15/2020,3332.26,3318.3999,3344.51,3307.3601,31.13M,0.47%
09/16/2020,3338.8401,3332.1201,3348.77,3312.1899,39.88M,0.2%
09/17/2020,3316.5701,3332.8601,3332.8601,3285.27,38.21M,-0.67%
09/18/2020,3283.6899,3315.3,3326.79,3283.6899,137.35M,-0.99%
09/21/2020,3160.95,3277.4199,3277.4199,3150.6101,67.33M,-3.74%
09/22/2020,3164.1299,3165.72,3195.1799,3164.1299,42.74M,0.1%
09/23/2020,3180.1101,3170.55,3223.72,3170.55,40.76M,0.51%
09/24/2020,3159.6399,3166.02,3181.1299,3143.6101,36.73M,-0.64%
09/25/2020,3137.0601,3159.28,3160.5601,3097.6699,34.43M,-0.71%
09/28/2020,3223.1899,3144.52,3227.4299,3144.52,33.77M,2.75%
09/29/2020,3214.3,3222.3201,3224.8301,3197.1001,26.38M,-0.28%
09/30/2020,3193.6101,3208.9099,3225.9399,3181.03,31.42M,-0.64%
10/01/2020,3194.0901,3207.1699,3224.3999,3178.1101,31.98M,0.02%
10/02/2020,3190.9299,3180.8301,3190.9299,3147.28,29.22M,-0.1%
10/05/2020,3220.22,3200.49,3224.3501,3199.6299,27.97M,0.92%
10/06/2020,3233.3,3223.6399,3251.1101,3201.98,34.42M,0.41%
10/07/2020,3233.4299,3229.9299,3245.6201,3219.3301,30.80M,0.0%
10/08/2020,3255.76,3239.95,3270.27,3234.48,31.56M,0.69%
10/09/2020,3273.1201,3256.8601,3276.3601,3254.1299,28.06M,0.53%
10/12/2020,3298.1201,3276.5,3305.77,3272.5,24.55M,0.76%
10/13/2020,3279.1899,3298.6299,3298.6299,3264.74,27.90M,-0.57%
10/14/2020,3273.28,3279.2,3287.8401,3264.6101,24.14M,-0.18%
10/15/2020,3192.6899,3269.8701,3269.8701,3174.6399,40.92M,-2.46%
10/16/2020,3245.47,3197.29,3258.9299,3197.29,38.10M,1.65%
10/19/2020,3242.51,3250.1299,3282.55,3226.4399,21.11M,-0.09%
10/20/2020,3227.8701,3239.75,3250.97,3223.79,30.35M,-0.45%
10/21/2020,3180.7,3232.6299,3238.0701,3176.95,30.46M,-1.46%
10/22/2020,3171.4099,3180.96,3185.03,3135.48,28.35M,-0.29%
10/23/2020,3198.8601,3167.96,3217.96,3162.3701,28.51M,0.87%
10/26/2020,3105.25,3181.95,3181.95,3103.79,30.26M,-2.93%
10/27/2020,3070.6001,3109.0801,3112.3201,3065.6499,40.13M,-1.12%
10/28/2020,2963.54,3058.8601,3058.8601,2932.95,59.92M,-3.49%
10/29/2020,2960.03,2961.49,2985.5,2920.8701,55.41M,-0.12%
10/30/2020,2958.21,2950.28,2972.45,2928.5601,45.70M,-0.06%
11/02/2020,3019.54,2969.3701,3029.8501,2953.9199,38.69M,2.07%
11/03/2020,3098.72,3030.8899,3101.04,3030.8899,45.46M,2.62%
11/04/2020,3161.0701,3083.79,3164.5601,3043.1899,52.14M,2.01%
11/05/2020,3215.5601,3167.78,3222.51,3167.78,46.05M,1.72%
11/06/2020,3204.05,3210.3701,3224.49,3168.97,38.53M,-0.36%
11/09/2020,3407.9099,3217.3999,3442.1201,3217.3999,106.01M,6.36%
11/10/2020,3442.6201,3405.49,3460.0801,3396.3999,98.23M,1.02%
11/11/2020,3467.3,3444.5701,3473.8201,3433.26,51.67M,0.72%
11/12/2020,3428.2,3453.3601,3457.71,3421.96,45.82M,-1.13%
11/13/2020,3432.0701,3423.6299,3457.5901,3416.1799,41.52M,0.11%
11/16/2020,3466.21,3447.8601,3497.1001,3440.05,55.80M,0.99%
11/17/2020,3468.48,3461.54,3471.8999,3442.7,40.48M,0.07%
11/18/2020,3482.1699,3463.97,3489.3101,3451.8899,41.20M,0.39%
11/19/2020,3451.97,3466.6699,3466.6699,3440.22,38.19M,-0.87%
11/20/2020,3467.6001,3447.96,3484.29,3442.8101,37.87M,0.45%
11/23/2020,3463.04,3480.5901,3506.24,3463.04,36.74M,-0.13%
11/24/2020,3507.98,3476.6101,3510.6201,3476.6101,52.93M,1.3%
11/25/2020,3511.8999,3513.77,3520.74,3494.0701,48.98M,0.11%
11/26/2020,3510.9399,3518.6699,3524.0801,3508.7,27.29M,-0.03%
11/27/2020,3527.79,3509.79,3536.46,3507.97,44.69M,0.48%
11/30/2020,3492.54,3518.9099,3538.52,3492.54,53.48M,-1.0%
12/01/2020,3525.24,3499.28,3532.9099,3499.28,42.00M,0.94%
12/02/2020,3521.3201,3515.6399,3523.3,3502.1001,41.43M,-0.11%
12/03/2020,3517.1001,3520.53,3523.6001,3502.6499,34.86M,-0.12%
12/04/2020,3539.27,3516.1799,3540.6899,3516.1799,46.29M,0.63%
12/07/2020,3530.0801,3536.05,3536.05,3499.1399,32.04M,-0.26%
12/08/2020,3525.8701,3522.99,3531.6899,3503.28,25.58M,-0.12%
12/09/2020,3529.02,3532.04,3557.3899,3527.4199,31.81M,0.09%
12/10/2020,3522.3101,3529.04,3541.24,3498.96,38.43M,-0.19%
12/11/2020,3485.8401,3515.8301,3515.8301,3461.47,35.37M,-1.04%
12/14/2020,3503.96,3497.8401,3531.95,3497.8401,32.49M,0.52%
12/15/2020,3521.5,3503.3799,3528.8301,3497.47,32.15M,0.5%
12/16/2020,3543.0,3524.1201,3560.71,3523.9299,38.83M,0.61%
12/17/2020,3560.8701,3550.3701,3573.45,3550.3701,32.52M,0.5%
12/18/2020,3545.74,3556.1499,3586.4399,3544.77,69.15M,-0.42%
12/21/2020,3448.6799,3516.6599,3516.6599,3401.1399,50.41M,-2.74%
12/22/2020,3497.49,3455.9399,3503.03,3455.9399,26.35M,1.42%
12/23/2020,3539.26,3502.4299,3544.55,3502.4299,25.53M,1.19%
12/28/2020,3575.4099,3554.1299,3583.21,3554.1299,19.60M,1.02%
12/29/2020,3581.3701,3580.45,3603.1699,3576.76,18.32M,0.17%
12/30/2020,3571.5901,3580.9099,3591.25,3569.6201,16.18M,-0.27%
01/04/2021,3564.3899,3565.6799,3609.9099,3548.3101,31.52M,-0.2%
01/05/2021,3547.8501,3554.24,3574.98,3524.6299,31.90M,-0.46%
01/06/2021,3611.0801,3559.8101,3620.5701,3547.45,50.98M,1.78%
01/07/2021,3622.4199,3621.1599,3635.6399,3604.1299,36.86M,0.31%
01/08/2021,3645.05,3632.1399,3657.8301,3630.71,33.36M,0.62%
01/11/2021,3620.6201,3636.6699,3641.74,3595.1101,30.54M,-0.67%
01/12/2021,3612.1299,3622.3701,3633.6799,3600.0601,33.48M,-0.23%
01/13/2021,3616.51,3615.02,3624.1899,3599.49,27.86M,0.12%
01/14/2021,3641.3701,3619.3,3647.3201,3619.3,35.17M,0.69%
01/15/2021,3599.55,3633.4099,3633.46,3573.6001,39.02M,-1.15%
01/18/2021,3602.6699,3591.23,3603.3601,3577.77,20.61M,0.09%
01/19/2021,3595.4199,3618.03,3623.26,3591.73,25.09M,-0.2%
01/20/2021,3624.04,3603.8,3630.4399,3603.5701,27.55M,0.8%
01/21/2021,3618.3501,3637.8601,3649.73,3616.5,28.63M,-0.16%
01/22/2021,3602.4099,3611.4299,3611.4299,3570.6799,32.66M,-0.44%
01/25/2021,3553.1399,3614.72,3621.49,3540.25,42.06M,-1.37%
01/26/2021,3592.8301,3551.21,3607.4199,3551.21,43.38M,1.12%
01/27/2021,3536.3799,3593.1899,3593.1899,3502.74,52.94M,-1.57%
01/28/2021,3557.04,3519.1101,3567.0601,3473.76,63.59M,0.58%
01/29/2021,3481.4399,3538.6299,3538.6299,3481.4399,50.21M,-2.13%
02/01/2021,3530.8501,3492.8601,3543.1799,3492.8601,30.79M,1.42%
02/02/2021,3590.46,3545.0901,3596.2,3545.0901,39.36M,1.69%
02/03/2021,3609.75,3599.76,3632.6699,3599.3601,56.22M,0.54%
02/04/2021,3642.1201,3604.6201,3644.6399,3604.6201,47.39M,0.9%
02/05/2021,3655.77,3642.6899,3668.3999,3642.28,56.12M,0.37%
02/08/2021,3665.51,3665.77,3681.8201,3661.8799,44.04M,0.27%
02/09/2021,3661.1299,3669.54,3670.8,3649.5,31.71M,-0.12%
02/10/2021,3648.3701,3672.1201,3677.1599,3628.47,32.37M,-0.35%
02/11/2021,3671.6799,3654.3401,3673.3899,3648.4099,29.12M,0.64%
02/12/2021,3695.6101,3669.04,3696.1899,3649.1101,30.96M,0.65%
02/15/2021,3734.2,3711.3501,3742.53,3706.3999,35.29M,1.04%
02/16/2021,3726.3999,3735.53,3740.5601,3718.6599,28.61M,-0.21%
02/17/2021,3699.8501,3720.26,3726.3501,3696.1201,36.00M,-0.71%
02/18/2021,3681.04,3700.99,3711.3799,3672.8,31.64M,-0.51%
02/19/2021,3713.46,3683.3799,3718.99,3681.45,39.01M,0.88%
02/22/2021,3699.8501,3706.0701,3707.4199,3660.8999,30.54M,-0.37%
02/23/2021,3689.1001,3698.24,3708.1101,3643.3301,39.95M,-0.29%
02/24/2021,3705.99,3684.6699,3712.6599,3681.6599,33.99M,0.46%
02/25/2021,3685.28,3716.6699,3728.6499,3685.28,48.97M,-0.56%
02/26/2021,3636.4399,3665.8899,3676.5901,3622.24,46.00M,-1.33%
03/01/2021,3706.6201,3658.1201,3711.52,3658.1201,31.52M,1.93%
03/02/2021,3707.72,3702.8,3728.47,3689.8201,29.65M,0.03%
03/03/2021,3712.78,3711.3899,3742.5,3687.45,43.73M,0.14%
03/04/2021,3704.8501,3702.3701,3716.3101,3680.8301,37.06M,-0.21%
03/05/2021,3669.54,3689.4099,3714.26,3656.21,45.46M,-0.95%
03/08/2021,3763.24,3679.3501,3767.45,3679.3501,47.41M,2.55%
03/09/2021,3786.05,3759.26,3795.6299,3754.6201,43.30M,0.61%
03/10/2021,3819.9199,3780.26,3822.6599,3780.0,34.47M,0.89%
03/11/2021,3845.6399,3827.1799,3846.51,3827.1799,36.67M,0.67%
03/12/2021,3833.3601,3840.73,3840.73,3818.25,27.64M,-0.32%
03/15/2021,3829.8401,3840.8501,3857.0701,3818.2,32.09M,-0.09%
03/16/2021,3850.96,3842.3301,3856.78,3838.22,371.20K,0.55%
03/17/2021,3849.74,3846.5801,3853.6599,3838.4299,336.00K,-0.03%
03/18/2021,3867.54,3856.76,3874.9099,3852.25,48.27M,0.46%
03/19/2021,3837.02,3851.6101,3861.6499,3819.3799,86.40M,-0.79%
03/22/2021,3833.8401,3828.6599,3841.49,3811.8,26.11M,-0.08%
03/23/2021,3827.02,3827.54,3842.3701,3804.8999,27.89M,-0.18%
03/24/2021,3832.55,3820.78,3833.6599,3803.8401,27.17M,0.14%
03/25/2021,3832.5701,3822.5901,3832.5701,3784.0901,24.35M,0.0%
03/26/2021,3866.6799,3841.46,3871.8799,3841.46,24.74M,0.89%
03/29/2021,3882.8701,3871.8201,3890.2,3867.25,22.65M,0.42%
03/30/2021,3926.2,3885.1101,3929.49,3885.1101,28.35M,1.12%
03/31/2021,3919.21,3923.9199,3925.97,3910.8999,29.09M,-0.18%
04/01/2021,3945.96,3922.3601,3948.99,3922.3601,20.59M,0.68%
04/06/2021,3970.4199,3950.1799,3988.1001,3950.1799,31.22M,0.62%
04/07/2021,3956.77,3965.8601,3971.8899,3952.1201,22.48M,-0.34%
04/08/2021,3977.8301,3961.0,3977.9199,3961.0,28.52M,0.53%
04/09/2021,3978.8401,3978.8401,3987.73,3970.4099,21.46M,0.03%
04/12/2021,3961.8999,3978.54,3980.52,3961.8999,19.44M,-0.43%
04/13/2021,3966.99,3964.9099,3980.5701,3953.26,24.47M,0.13%
04/14/2021,3976.28,3973.3301,3982.0801,3968.6799,23.44M,0.23%
04/15/2021,3993.4299,3978.3899,3997.6899,3978.3899,23.97M,0.43%
04/16/2021,4032.99,3992.5601,4037.6101,3991.2,36.67M,0.99%
04/19/2021,4019.9099,4033.5901,4040.8799,4017.7,23.39M,-0.32%
04/20/2021,3940.46,4014.01,4018.6599,3935.8301,33.92M,-1.98%
04/21/2021,3976.4099,3943.1899,3985.3101,3943.1899,27.40M,0.91%
04/22/2021,4014.8,3979.5801,4017.1899,3979.5801,20.99M,0.97%
04/23/2021,4013.3401,4011.1001,4016.8201,3981.8701,19.47M,-0.04%
04/26/2021,4020.8301,4013.0701,4026.3301,4004.53,25.16M,0.19%
04/27/2021,4011.9099,4017.9199,4019.21,4001.24,27.50M,-0.22%
04/28/2021,4015.03,4011.02,4026.74,4006.3401,28.23M,0.08%
04/29/2021,3996.8999,4021.4399,4033.8701,3985.25,34.48M,-0.45%
04/30/2021,3974.74,3993.1899,4004.8401,3974.72,28.08M,-0.55%
05/03/2021,4000.25,3979.5,4009.73,3965.5,20.82M,0.64%
05/04/2021,3924.8,4001.1299,4018.1399,3919.46,35.16M,-1.89%
05/05/2021,4002.79,3927.29,4003.0901,3927.29,30.13M,1.99%
05/06/2021,3999.4399,3997.7,4022.74,3974.8201,34.95M,-0.08%
05/07/2021,4034.25,3999.9299,4034.25,3999.9299,27.53M,0.87%
05/10/2021,4023.3501,4031.99,4035.6599,4014.6699,29.53M,-0.27%
05/11/2021,3946.0601,4020.49,4020.49,3917.6399,34.99M,-1.92%
05/12/2021,3947.4299,3947.6499,3964.8,3925.8501,34.88M,0.03%
05/14/2021,4017.4399,3970.76,4017.4399,3961.1001,26.88M,1.77%
05/17/2021,4006.8401,4018.1599,4032.1101,3993.8799,25.37M,-0.26%
05/18/2021,4005.3401,4014.6799,4043.21,3996.75,28.23M,-0.04%
05/19/2021,3936.74,3995.7,3995.7,3892.72,32.61M,-1.71%
05/20/2021,3999.9099,3948.6299,3999.9099,3936.79,25.60M,1.6%
05/21/2021,4025.78,4001.53,4032.97,3999.1101,31.69M,0.65%
05/25/2021,4036.04,4042.49,4056.95,4036.04,24.82M,0.25%
05/26/2021,4031.6699,4039.5701,4054.1399,4022.05,25.92M,-0.11%
05/27/2021,4039.21,4028.75,4056.79,4019.8501,45.81M,0.19%
05/28/2021,4070.5601,4042.3701,4075.8701,4042.3701,22.78M,0.78%
05/31/2021,4039.46,4068.1101,4071.74,4037.25,17.65M,-0.76%
06/01/2021,4071.75,4044.0701,4101.2598,4044.0701,25.12M,0.8%
06/02/2021,4088.5,4072.1001,4088.52,4064.0701,23.88M,0.41%
06/03/2021,4079.24,4088.95,4088.95,4051.8101,23.19M,-0.23%
06/04/2021,4089.3799,4079.29,4091.95,4070.3501,23.53M,0.25%
06/07/2021,4097.6499,4089.27,4107.0298,4069.52,23.91M,0.2%
06/08/2021,4096.0098,4098.6299,4115.6201,4092.76,24.82M,-0.04%
06/09/2021,4096.8501,4095.1399,4102.0601,4078.1599,18.18M,0.02%
06/10/2021,4096.0698,4099.0698,4109.2002,4080.1499,25.79M,-0.02%
06/11/2021,4126.7002,4098.04,4128.9902,4097.9902,21.15M,0.75%
06/14/2021,4132.6699,4134.79,4155.2402,4127.9399,21.48M,0.14%
06/15/2021,4143.52,4144.7998,4158.3599,4143.52,21.05M,0.26%
06/16/2021,4151.7598,4145.5,4156.8101,4138.75,25.25M,0.2%
06/17/2021,4158.1401,4144.9102,4164.5801,4131.4199,30.56M,0.15%
06/18/2021,4083.3701,4155.7798,4165.5898,4078.76,65.76M,-1.8%
06/21/2021,4112.3301,4079.4199,4114.1899,4049.6001,25.93M,0.71%
06/22/2021,4123.1299,4112.3398,4128.3999,4093.47,21.21M,0.26%
06/23/2021,4075.9399,4126.1001,4133.98,4075.9399,20.79M,-1.14%
06/24/2021,4122.4302,4083.05,4126.4102,4083.05,22.80M,1.14%
06/25/2021,4120.6602,4123.9399,4127.4502,4105.7598,20.99M,-0.04%
06/28/2021,4089.9099,4119.8701,4125.73,4089.0,18.09M,-0.75%
06/29/2021,4107.5098,4092.3,4124.3301,4090.29,20.70M,0.43%
06/30/2021,4064.3,4104.75,4111.98,4048.05,30.69M,-1.05%
07/01/2021,4078.8899,4068.2,4113.5801,4049.6001,22.44M,0.36%
07/02/2021,4084.3101,4082.7,4099.9902,4076.23,18.77M,0.13%
07/05/2021,4087.3701,4081.0801,4095.1499,4057.9099,14.81M,0.07%
07/06/2021,4052.6699,4087.5,4087.5,4038.77,23.46M,-0.85%
07/07/2021,4078.53,4055.6399,4083.1101,4055.6399,24.35M,0.64%
07/08/2021,3991.6599,4070.74,4070.74,3961.98,39.13M,-2.13%
07/09/2021,4068.0901,3996.72,4068.1399,3996.72,26.17M,1.91%
07/12/2021,4093.3799,4068.6399,4098.7598,4046.1101,18.35M,0.62%
07/13/2021,4094.5601,4094.26,4100.8101,4084.78,23.21M,0.03%
07/14/2021,4099.5,4088.1001,4104.8301,4077.1399,0,0.12%
07/15/2021,4056.3899,4096.0,4096.0,4046.04,22.67M,-1.05%
07/16/2021,4035.77,4060.22,4072.5801,4014.5801,24.11M,-0.51%
07/19/2021,3928.53,4018.9099,4018.9099,3904.78,37.55M,-2.66%
07/20/2021,3956.3401,3937.3999,3979.28,3920.9299,28.53M,0.71%
07/21/2021,4026.6799,3973.8999,4029.0901,3973.8999,28.96M,1.78%
07/22/2021,4059.05,4037.9399,4078.5801,4037.9399,22.56M,0.8%
07/23/2021,4109.1001,4066.7,4111.4302,4066.7,21.70M,1.23%
07/26/2021,4102.5898,4103.5,4106.3999,4072.8601,25.84M,-0.16%
07/27/2021,4064.8301,4099.7998,4099.7998,4056.23,22.91M,-0.92%
07/28/2021,4103.0298,4067.8401,4103.4502,4065.25,21.44M,0.94%
07/29/2021,4116.77,4104.98,4128.8101,4104.98,22.53M,0.33%
07/30/2021,4089.3,4113.1099,4114.2798,4078.3301,30.30M,-0.67%
08/02/2021,4116.6201,4095.5,4135.6802,4095.5,22.39M,0.67%
08/03/2021,4117.9502,4114.52,4129.21,4102.1299,21.79M,0.03%
08/04/2021,4144.8999,4124.3301,4150.0898,4124.3301,23.47M,0.65%
08/05/2021,4161.0801,4141.2998,4166.1401,4141.2998,22.24M,0.39%
08/06/2021,4174.54,4159.04,4183.9199,4155.1602,28.55M,0.32%
08/09/2021,4177.1499,4175.5698,4186.0498,4170.9502,18.16M,0.06%
08/10/2021,4187.8198,4178.5898,4197.1201,4178.5898,16.68M,0.26%
08/11/2021,4206.3301,4189.6299,4219.0601,4184.8701,23.52M,0.44%
08/12/2021,4226.3301,4205.7402,4232.2202,4204.1201,20.47M,0.48%
08/13/2021,4229.7002,4225.73,4242.2598,4223.4902,18.09M,0.08%
08/16/2021,4202.4399,4219.79,4219.79,4188.9702,20.11M,-0.64%
08/17/2021,4196.3999,4197.8501,4202.02,4172.6699,28.10M,-0.14%
08/18/2021,4189.4199,4197.3198,4199.5,4179.5801,22.13M,-0.17%
08/19/2021,4124.71,4183.7402,4183.7402,4082.0701,31.92M,-1.54%
08/20/2021,4147.5,4125.2998,4150.6602,4105.9902,22.12M,0.55%
08/23/2021,4176.4199,4160.7598,4184.0298,4157.4902,20.01M,0.7%
08/24/2021,4178.0801,4182.6802,4197.6699,4163.6899,17.98M,0.04%
08/25/2021,4181.1201,4178.1699,4188.23,4178.1699,17.48M,0.07%
08/26/2021,4169.8701,4172.3198,4176.2798,4141.3301,20.15M,-0.27%
08/27/2021,4190.98,4167.3901,4192.0898,4160.4702,14.67M,0.51%
08/30/2021,4198.7998,4191.9902,4202.8701,4191.79,11.04M,0.19%
08/31/2021,4196.4102,4201.77,4222.6201,4175.3198,32.96M,-0.06%
09/01/2021,4227.27,4207.0,4251.3901,4207.0,28.01M,0.74%
09/02/2021,4232.1001,4225.0298,4239.02,4219.4199,18.50M,0.11%
09/03/2021,4201.98,4234.2598,4234.2598,4182.96,22.43M,-0.71%
09/06/2021,4246.1299,4204.0698,4252.7798,4204.0698,14.03M,1.05%
09/07/2021,4225.0098,4244.3999,4245.7598,4219.8599,19.62M,-0.5%
09/08/2021,4177.1499,4219.8198,4219.8198,4160.3701,28.21M,-1.13%
09/09/2021,4177.1099,4171.46,4194.5898,4134.7998,23.63M,-0.0%
09/10/2021,4170.3501,4184.0498,4205.2202,4161.0898,23.73M,-0.16%
09/13/2021,4189.5298,4174.6699,4210.6201,4174.6699,25.54M,0.46%
09/14/2021,4191.6699,4188.3501,4202.4399,4163.9502,26.40M,0.05%
09/15/2021,4145.9399,4188.9199,4196.6001,4145.9399,33.86M,-1.09%
09/16/2021,4169.8701,4151.6299,4190.1699,4151.6299,33.37M,0.58%
09/17/2021,4130.8398,4180.2798,4213.73,4119.27,69.03M,-0.94%
09/20/2021,4043.6299,4102.1899,4102.1899,4011.49,50.99M,-2.11%
09/21/2021,4097.5098,4049.6899,4106.7598,4049.6899,36.49M,1.33%
09/22/2021,4150.1899,4104.4302,4150.1899,4104.4302,32.15M,1.29%
09/23/2021,4194.9199,4158.21,4206.1099,4158.21,34.08M,1.08%
09/24/2021,4158.5098,4188.4302,4188.4302,4149.9399,26.62M,-0.87%
09/27/2021,4165.48,4164.6299,4196.0698,4159.6001,38.02M,0.17%
09/28/2021,4058.8201,4160.4702,4160.4702,4056.1699,42.08M,-2.56%
09/29/2021,4080.22,4070.45,4108.2202,4070.45,28.45M,0.53%
09/30/2021,4048.0801,4089.1599,4116.3501,4048.0801,39.72M,-0.79%
10/01/2021,4035.3,4037.1599,4055.01,3981.8101,34.49M,-0.32%
10/04/2021,3996.4099,4026.7,4037.3501,3993.8701,26.07M,-0.96%
10/05/2021,4065.4299,4002.6101,4066.6399,4001.4199,43.06M,1.73%
10/06/2021,4012.6499,4049.6399,4049.6399,3965.8701,45.05M,-1.3%
10/07/2021,4098.3398,4037.48,4099.3901,4037.48,44.37M,2.14%
10/08/2021,4073.29,4097.1201,4101.96,4073.29,30.08M,-0.61%
10/11/2021,4072.52,4071.1499,4076.8,4043.78,28.50M,-0.02%
10/12/2021,4055.0901,4058.54,4063.48,4019.55,27.49M,-0.43%
10/13/2021,4083.28,4052.48,4092.73,4040.3101,30.58M,0.7%
10/14/2021,4149.0601,4088.1399,4151.7598,4088.1399,34.75M,1.61%
10/15/2021,4182.9102,4160.04,4186.6099,4159.0698,52.84M,0.82%
10/18/2021,4151.3999,4177.73,4177.73,4131.4102,32.05M,-0.75%
10/19/2021,4166.8301,4159.2202,4169.6099,4151.4399,29.47M,0.37%
10/20/2021,4172.1699,4164.5,4178.9502,4143.8301,26.14M,0.13%
10/21/2021,4155.73,4163.6201,4166.5,4140.0601,23.62M,-0.39%
10/22/2021,4188.8101,4158.4399,4203.6699,4158.4399,23.22M,0.8%
10/25/2021,4188.3101,4194.8398,4198.9702,4185.1401,25.37M,-0.01%
10/26/2021,4223.9702,4187.5498,4230.8799,4187.5498,26.05M,0.85%
10/27/2021,4220.8799,4220.7402,4226.9902,4205.4199,30.33M,-0.07%
10/28/2021,4233.8701,4220.7402,4236.2002,4213.1699,29.45M,0.31%
10/29/2021,4250.5601,4228.73,4250.6802,4187.8101,35.86M,0.39%
11/01/2021,4280.4702,4256.9302,4291.8101,4256.9302,28.15M,0.7%
11/02/2021,4296.2202,4276.7202,4297.4502,4273.1001,24.98M,0.37%
11/03/2021,4309.6099,4292.5898,4309.6602,4291.1001,28.69M,0.31%
11/04/2021,4333.3398,4314.5098,4340.8101,4314.5098,37.96M,0.55%
11/05/2021,4363.04,4330.1401,4375.04,4330.1401,31.45M,0.69%
11/08/2021,4352.5298,4359.7402,4366.54,4352.4502,24.73M,-0.24%
11/09/2021,4344.6299,4346.6201,4364.04,4337.6602,24.14M,-0.18%
11/10/2021,4348.8198,4349.7998,4358.46,4330.29,26.21M,0.1%
11/11/2021,4358.0,4347.2598,4358.7998,4334.9302,21.88M,0.21%
11/12/2021,4370.3301,4357.8999,4372.3198,4352.4302,21.91M,0.28%
11/15/2021,4386.1899,4364.52,4386.1899,4364.52,22.95M,0.36%
11/16/2021,4401.4902,4393.7998,4406.46,4389.52,23.20M,0.35%
11/17/2021,4400.8101,4399.25,4409.2402,4399.25,21.95M,-0.02%
11/18/2021,4383.7002,4400.73,4415.23,4377.73,30.45M,-0.39%
11/19/2021,4356.4702,4385.6602,4401.9199,4333.8599,53.67M,-0.62%
11/22/2021,4338.6899,4361.9502,4371.6001,4336.1699,35.01M,-0.41%
11/23/2021,4283.8198,4320.4102,4328.48,4267.23,31.50M,-1.26%
11/24/2021,4276.25,4284.6001,4305.4902,4240.7798,32.98M,-0.18%
11/25/2021,4293.2402,4286.6299,4304.8599,4278.7998,20.88M,0.4%
11/26/2021,4089.5801,4213.9302,4213.9302,4086.6599,66.89M,-4.74%
11/29/2021,4109.5098,4117.79,4154.1499,4097.98,42.57M,0.49%
11/30/2021,4063.0601,4089.51,4110.96,4027.4299,67.92M,-1.13%
12/01/2021,4179.1499,4080.8501,4187.8599,4080.8501,37.48M,2.86%
12/02/2021,4108.02,4157.7002,4157.7002,4086.8201,36.90M,-1.7%
12/03/2021,4080.1499,4118.98,4150.4199,4059.02,33.31M,-0.68%
12/06/2021,4137.1099,4095.3899,4146.1602,4078.6399,30.03M,1.4%
12/07/2021,4276.2002,4157.7202,4277.0298,4157.7202,34.42M,3.36%
12/08/2021,4233.0898,4273.3198,4288.2002,4233.0898,32.55M,-1.01%
12/09/2021,4208.2998,4242.6602,4246.52,4201.8501,26.13M,-0.59%
12/10/2021,4199.1602,4198.1802,4221.5698,4178.6602,25.37M,-0.22%
12/13/2021,4183.04,4206.4502,4241.1201,4176.9702,24.17M,-0.38%
12/14/2021,4144.5098,4198.8999,4210.52,4143.5,28.74M,-0.92%
12/15/2021,4159.6802,4147.1602,4176.1401,4147.1602,25.82M,0.37%
12/16/2021,4201.8701,4198.25,4250.8999,4198.25,35.43M,1.01%
12/17/2021,4161.3501,4195.9399,4195.9399,4130.3599,59.79M,-0.96%
12/20/2021,4107.1299,4140.3301,4140.3301,4046.6899,30.15M,-1.3%
12/21/2021,4174.9902,4120.48,4174.9902,4120.48,23.84M,1.65%
12/22/2021,4217.0601,4180.8901,4217.0601,4167.8901,19.26M,1.01%
12/23/2021,4265.8599,4221.8999,4270.29,4221.8999,20.50M,1.16%
12/27/2021,4287.98,4249.8999,4293.8901,4240.4902,13.90M,0.52%
12/28/2021,4311.9302,4290.54,4319.6899,4287.1099,16.91M,0.56%
12/29/2021,4284.8301,4311.1299,4312.4502,4271.3701,16.66M,-0.63%
12/30/2021,4306.0698,4286.6299,4309.54,4285.29,18.58M,0.5%
01/03/2022,4331.8198,4303.9399,4348.6602,4303.9399,25.84M,0.6%
01/04/2022,4367.6201,4346.4502,4390.5898,4342.25,32.59M,0.83%
01/05/2022,4392.1499,4368.7798,4395.7798,4367.0298,29.74M,0.56%
01/06/2022,4324.8101,4372.4502,4372.4502,4304.54,32.68M,-1.53%
01/07/2022,4305.8301,4331.0698,4335.7202,4279.71,31.69M,-0.44%
01/10/2022,4239.52,4312.1299,4324.6401,4231.0601,31.30M,-1.54%
01/11/2022,4281.54,4251.7998,4303.1699,4251.7998,26.40M,0.99%
01/12/2022,4316.3901,4306.25,4328.7598,4289.0,39.87M,0.81%
01/13/2022,4315.8999,4319.2598,4335.4902,4294.9902,31.41M,-0.01%
01/14/2022,4272.1899,4307.48,4307.48,4256.6099,34.93M,-1.01%
01/17/2022,4302.1401,4281.3101,4310.4902,4274.25,20.51M,0.7%
01/18/2022,4257.8198,4293.5801,4293.5801,4234.29,29.77M,-1.03%
01/19/2022,4268.2798,4249.3999,4302.1699,4234.6201,34.56M,0.25%
01/20/2022,4299.6099,4271.25,4300.6401,4248.0098,31.73M,0.73%
01/21/2022,4229.5601,4278.1802,4278.1802,4188.9302,43.75M,-1.63%
01/24/2022,4054.3601,4213.8301,4224.4702,4035.28,45.81M,-4.14%
01/25/2022,4078.26,4078.8101,4112.25,4039.52,33.49M,0.59%
01/26/2022,4164.6001,4096.5098,4188.1699,4096.5098,36.43M,2.12%
01/27/2022,4184.9702,4144.7798,4204.8599,4088.9099,42.38M,0.49%
01/28/2022,4136.9102,4174.5698,4181.23,4071.71,35.33M,-1.15%
01/31/2022,4174.6001,4161.77,4200.8301,4134.0698,39.62M,0.91%
02/01/2022,4224.4502,4184.6299,4232.4399,4184.6299,33.00M,1.19%
02/02/2022,4222.0498,4242.7402,4259.2798,4222.0498,37.64M,-0.06%
02/03/2022,4141.02,4215.4102,4215.4102,4141.02,47.35M,-1.92%
02/04/2022,4086.5801,4154.75,4167.8701,4067.51,47.41M,-1.31%
02/07/2022,4120.5601,4101.8901,4131.8398,4074.8601,38.51M,0.83%
02/08/2022,4129.25,4117.21,4156.1699,4103.6299,39.83M,0.21%
02/09/2022,4204.0898,4140.4102,4208.7598,4140.4102,45.88M,1.81%
02/10/2022,4197.0698,4208.2002,4239.6099,4169.8398,46.95M,-0.17%
02/11/2022,4155.23,4170.73,4177.9102,4133.3501,39.79M,-1.0%
02/14/2022,4064.45,4125.3101,4125.3101,4002.9099,53.34M,-2.18%
02/15/2022,4143.71,4059.25,4143.71,4043.5701,38.91M,1.95%
02/16/2022,4137.2202,4149.5601,4180.3198,4117.1699,31.01M,-0.16%
02/17/2022,4113.1899,4139.8799,4158.4399,4092.79,32.11M,-0.58%
02/18/2022,4074.28,4107.7202,4128.73,4054.72,32.43M,-0.95%
02/21/2022,3985.71,4090.71,4104.6299,3957.2,29.69M,-2.17%
02/22/2022,3985.47,3960.2,4016.46,3894.99,43.50M,-0.01%
02/23/2022,3973.4099,3991.6599,4054.1699,3962.79,32.53M,-0.3%
02/24/2022,3829.29,3939.51,3939.51,3765.4199,88.82M,-3.63%
02/25/2022,3970.6899,3836.8501,3970.8301,3829.28,66.18M,3.69%
02/28/2022,3924.23,3940.99,3940.99,3825.0801,77.05M,-1.17%
03/01/2022,3765.8501,3920.03,3923.75,3765.8501,71.93M,-4.04%
03/02/2022,3820.5901,3755.27,3849.72,3720.72,67.45M,1.45%
03/03/2022,3741.78,3819.1399,3841.9199,3731.3501,50.89M,-2.06%
03/04/2022,3556.01,3723.97,3723.97,3556.01,74.42M,-4.96%
03/07/2022,3512.22,3529.5701,3599.9299,3387.0,82.26M,-1.23%
03/08/2022,3505.29,3489.1599,3610.95,3469.2,71.84M,-0.2%
03/09/2022,3766.02,3548.49,3766.02,3548.49,75.62M,7.44%
03/10/2022,3651.3899,3764.6399,3764.6399,3627.1299,61.01M,-3.04%
03/11/2022,3686.78,3657.3701,3801.48,3630.28,56.51M,0.97%
03/14/2022,3741.1001,3694.76,3789.5801,3694.76,41.81M,1.47%
03/15/2022,3738.1101,3723.23,3753.26,3641.5,43.61M,-0.08%
03/16/2022,3889.6899,3766.79,3929.96,3766.79,64.06M,4.05%
03/17/2022,3885.3201,3901.7,3913.72,3843.1001,47.89M,-0.11%
03/18/2022,3902.4399,3886.49,3902.4399,3824.02,63.14M,0.44%
03/21/2022,3881.8,3900.8401,3914.0801,3877.5901,30.43M,-0.53%
03/22/2022,3926.1201,3886.26,3935.45,3886.26,32.18M,1.14%
03/23/2022,3869.22,3934.1299,3937.8101,3853.54,34.11M,-1.45%
03/24/2022,3863.3899,3874.3201,3892.9099,3845.4399,31.64M,-0.15%
03/25/2022,3867.73,3871.3401,3903.9399,3853.3501,28.93M,0.11%
03/28/2022,3887.1001,3870.3301,3946.78,3870.3301,33.83M,0.5%
03/29/2022,4002.1799,3906.47,4024.8899,3906.47,50.86M,2.96%
03/30/2022,3959.1399,3997.46,3997.46,3942.8101,34.14M,-1.08%
03/31/2022,3902.52,3964.01,3979.7,3902.52,35.96M,-1.43%
04/01/2022,3918.6799,3906.5701,3935.73,3895.7,28.15M,0.41%
04/04/2022,3951.1201,3925.27,3956.5901,3891.0,26.73M,0.83%
04/05/2022,3917.8501,3952.5801,3969.04,3896.6201,33.32M,-0.84%
04/06/2022,3824.6899,3915.53,3915.53,3792.5601,46.12M,-2.38%
04/07/2022,3802.01,3836.46,3874.29,3797.6001,34.69M,-0.59%
04/08/2022,3858.3701,3812.0801,3872.5901,3812.0801,32.21M,1.48%
04/11/2022,3839.6201,3845.7,3870.0601,3813.1599,28.85M,-0.49%
04/12/2022,3831.47,3818.76,3853.23,3763.3201,33.59M,-0.21%
04/13/2022,3827.96,3827.47,3833.98,3788.8701,27.16M,-0.09%
04/14/2022,3848.6799,3834.3301,3859.5901,3823.8501,31.41M,0.54%
04/19/2022,3830.76,3842.0701,3848.6299,3793.47,27.12M,-0.47%
04/20/2022,3896.8101,3835.1599,3905.75,3833.46,33.04M,1.72%
04/21/2022,3928.03,3901.3301,3954.3,3897.46,28.25M,0.8%
04/22/2022,3840.01,3905.8,3905.8,3838.1899,36.31M,-2.24%
04/25/2022,3757.5901,3826.96,3826.96,3739.6699,34.94M,-2.15%
04/26/2022,3721.3601,3769.6599,3804.96,3717.98,43.59M,-0.96%
04/27/2022,3734.6399,3719.3501,3748.97,3675.54,44.56M,0.36%
04/28/2022,3777.02,3750.21,3809.24,3731.95,34.55M,1.13%
04/29/2022,3802.8601,3785.5801,3833.8899,3785.5801,35.63M,0.68%
05/02/2022,3732.4399,3772.9099,3772.9099,3692.8201,29.91M,-1.85%
05/03/2022,3761.1899,3738.49,3773.3,3727.52,32.00M,0.77%
05/04/2022,3724.99,3758.4399,3767.6599,3724.95,26.73M,-0.96%
05/05/2022,3696.6299,3744.9099,3814.1101,3684.45,41.08M,-0.76%
05/06/2022,3629.1699,3678.8501,3678.8501,3602.77,47.21M,-1.82%
05/09/2022,3526.8601,3618.45,3628.25,3526.8601,34.33M,-2.82%
05/10/2022,3554.8,3537.6599,3611.0801,3537.6599,36.98M,0.79%
05/11/2022,3647.8701,3575.1599,3647.8701,3553.72,40.40M,2.62%
05/12/2022,3613.4299,3617.71,3637.6201,3544.5601,37.61M,-0.94%
05/13/2022,3703.4199,3628.25,3703.4199,3628.25,30.82M,2.49%
05/16/2022,3685.3401,3695.78,3705.23,3660.1899,25.62M,-0.49%
05/17/2022,3741.51,3696.01,3752.1399,3696.01,29.25M,1.52%
05/18/2022,3690.74,3745.24,3752.29,3684.3601,27.47M,-1.36%
05/19/2022,3633.3301,3662.53,3662.53,3592.01,32.44M,-1.56%
05/20/2022,3657.03,3650.0901,3710.6699,3645.77,37.52M,0.65%
05/23/2022,3708.3899,3669.53,3708.3899,3653.1399,31.08M,1.4%
05/24/2022,3647.5601,3700.1201,3700.1201,3645.51,31.89M,-1.64%
05/25/2022,3677.1001,3652.3899,3690.8201,3633.78,32.82M,0.81%
05/27/2022,3808.8601,3744.6299,3808.8601,3744.6299,27.51M,3.58%
05/30/2022,3841.6201,3817.71,3852.6799,3817.71,25.41M,0.86%
05/31/2022,3789.21,3833.03,3833.73,3780.4099,53.94M,-1.36%
06/01/2022,3759.54,3800.1001,3813.04,3755.0601,29.50M,-0.78%
06/02/2022,3795.1299,3761.1899,3799.1799,3761.1899,18.42M,0.95%
06/03/2022,3783.6599,3813.29,3822.3701,3777.47,20.35M,-0.3%
06/07/2022,3806.74,3830.21,3830.21,3783.3501,22.61M,0.61%
06/08/2022,3788.9299,3815.77,3823.98,3768.4299,27.01M,-0.47%
06/09/2022,3724.45,3780.03,3788.97,3719.52,32.69M,-1.7%
06/10/2022,3599.2,3716.5601,3716.5601,3596.6399,57.00M,-3.36%
06/13/2022,3502.5,3581.8701,3581.8701,3494.3101,48.85M,-2.69%
06/14/2022,3475.1799,3512.04,3540.8701,3466.6899,35.90M,-0.78%
06/15/2022,3532.3201,3496.28,3549.27,3487.4399,42.38M,1.64%
06/16/2022,3427.9099,3528.1101,3528.1101,3420.6499,40.20M,-2.96%
06/17/2022,3438.46,3433.5601,3485.9399,3422.78,73.48M,0.31%
06/20/2022,3469.8301,3443.25,3469.8501,3429.3999,27.02M,0.91%
06/21/2022,3494.0,3469.8301,3524.24,3469.8301,28.68M,0.7%
06/22/2022,3464.6399,3494.0,3494.0,3413.04,31.50M,-0.84%
06/23/2022,3436.29,3456.3501,3481.8501,3411.8301,39.57M,-0.82%
06/24/2022,3533.1699,3443.28,3538.9399,3443.28,33.37M,2.82%
06/27/2022,3538.8799,3537.8601,3595.6699,3523.97,33.20M,0.16%
06/28/2022,3549.29,3545.9199,3583.46,3545.8899,28.20M,0.29%
06/29/2022,3514.3201,3534.8201,3534.8201,3495.1799,27.09M,-0.99%
06/30/2022,3454.8601,3501.2,3501.2,3414.74,47.87M,-1.69%
07/01/2022,3448.3101,3450.6201,3471.25,3405.4399,34.14M,-0.19%
07/04/2022,3452.4199,3458.99,3476.6299,3445.3899,28.14M,0.12%
07/05/2022,3359.8301,3464.3899,3477.04,3357.0601,40.51M,-2.68%
07/06/2022,3421.8401,3368.51,3438.96,3368.51,37.70M,1.85%
07/07/2022,3488.5,3443.25,3493.9399,3443.25,37.43M,1.95%
07/08/2022,3506.55,3484.71,3510.8601,3454.51,30.50M,0.52%
07/11/2022,3471.6899,3485.0,3492.1101,3440.1399,25.93M,-0.99%
07/12/2022,3487.05,3457.1499,3489.3701,3425.5901,43.01M,0.44%
07/13/2022,3453.97,3481.8201,3481.8201,3409.54,30.82M,-0.95%
07/14/2022,3396.6101,3449.3401,3454.26,3372.1201,44.51M,-1.66%
07/15/2022,3477.2,3402.6799,3480.8501,3394.02,42.29M,2.37%
07/18/2022,3511.8601,3480.3601,3532.6101,3480.3601,33.83M,1.0%
07/19/2022,3587.4399,3498.4299,3593.78,3473.6399,38.04M,2.15%
07/20/2022,3585.24,3583.8601,3605.3201,3546.46,40.30M,-0.06%
07/21/2022,3596.51,3581.72,3611.1001,3554.6899,50.38M,0.31%
07/22/2022,3596.49,3589.96,3625.1599,3577.8101,37.70M,-0.0%
07/25/2022,3604.1599,3592.3301,3619.52,3572.75,28.37M,0.21%
07/26/2022,3575.3601,3602.01,3604.3701,3571.8401,26.05M,-0.8%
07/27/2022,3607.78,3583.3899,3617.5,3583.3899,28.85M,0.91%
07/28/2022,3652.2,3623.29,3652.8701,3594.5801,39.51M,1.23%
07/29/2022,3708.1001,3662.7,3720.1599,3662.7,47.39M,1.53%
08/02/2022,3684.6299,3701.6299,3701.6299,3664.28,29.91M,-0.63%
08/03/2022,3732.54,3687.99,3734.79,3681.8899,29.49M,1.3%
08/04/2022,3754.6001,3733.52,3781.5701,3733.52,31.19M,0.59%
08/05/2022,3725.3899,3751.51,3757.48,3716.3899,29.12M,-0.78%
08/08/2022,3757.22,3737.3101,3778.99,3737.3101,24.56M,0.85%
08/09/2022,3715.3701,3752.26,3755.3201,3711.55,22.62M,-1.11%
08/10/2022,3749.3501,3714.3999,3757.8899,3694.8799,25.96M,0.91%
08/11/2022,3757.05,3761.45,3771.2,3741.25,23.95M,0.21%
08/12/2022,3776.8101,3760.5801,3784.1899,3756.1899,26.90M,0.53%
08/15/2022,3789.6201,3782.1899,3794.8999,3763.03,21.43M,0.34%
08/16/2022,3805.22,3796.04,3819.1201,3786.5901,23.98M,0.41%
08/17/2022,3756.0601,3806.9299,3813.04,3751.5701,25.85M,-1.29%
08/18/2022,3777.3799,3755.8501,3779.77,3748.8899,21.45M,0.57%
08/19/2022,3730.3201,3772.25,3772.25,3725.55,31.65M,-1.25%
08/22/2022,3658.22,3724.1399,3724.1399,3643.72,31.46M,-1.93%
08/23/2022,3652.52,3654.04,3674.73,3635.27,29.74M,-0.16%
08/24/2022,3667.46,3651.05,3672.79,3626.4099,22.41M,0.41%
08/25/2022,3674.54,3670.5701,3703.52,3659.75,28.98M,0.19%
08/26/2022,3603.6799,3682.02,3706.49,3593.48,32.30M,-1.93%
08/29/2022,3570.51,3600.48,3600.48,3537.24,23.78M,-0.92%
08/30/2022,3561.9199,3576.8899,3629.5,3545.9199,30.13M,-0.24%
08/31/2022,3517.25,3571.97,3583.05,3517.25,41.30M,-1.25%
09/01/2022,3456.7,3514.49,3514.49,3448.49,27.77M,-1.72%
09/02/2022,3544.3799,3466.6599,3548.8501,3466.6599,29.98M,2.54%
09/05/2022,3490.01,3532.77,3532.77,3445.8401,26.17M,-1.53%
09/06/2022,3500.1399,3490.1599,3521.1001,3471.8899,25.36M,0.29%
09/07/2022,3502.0901,3495.02,3510.8999,3462.8601,28.57M,0.06%
09/08/2022,3512.3799,3510.9099,3524.6399,3454.6001,34.83M,0.29%
09/09/2022,3570.04,3512.71,3581.5701,3512.71,36.56M,1.64%
09/12/2022,3646.51,3579.1799,3657.23,3579.1799,36.11M,2.14%
09/13/2022,3586.1799,3649.24,3683.02,3586.0801,34.99M,-1.65%
09/14/2022,3567.5601,3583.8799,3591.3701,3545.8,29.90M,-0.52%
09/15/2022,3541.79,3566.47,3586.3601,3532.0801,42.87M,-0.72%
09/16/2022,3500.4099,3532.2,3532.2,3482.3999,64.57M,-1.17%
09/19/2022,3499.49,3499.78,3520.1101,3451.51,24.09M,-0.03%
09/20/2022,3467.0901,3500.4199,3537.9099,3459.9399,35.42M,-0.93%
09/21/2022,3491.8701,3461.3,3494.4099,3425.7,28.27M,0.71%
09/22/2022,3427.1399,3476.23,3494.3799,3427.0601,29.85M,-1.85%
09/23/2022,3348.6001,3427.1399,3427.1399,3330.1001,37.88M,-2.29%
09/26/2022,3342.5601,3343.2,3377.6101,3325.2,32.22M,-0.18%
09/27/2022,3328.6499,3349.9399,3396.0801,3328.6499,38.82M,-0.42%
09/28/2022,3335.3,3322.5901,3339.55,3259.3301,43.67M,0.2%
09/29/2022,3279.04,3332.8,3332.8,3249.5701,40.55M,-1.69%
09/30/2022,3318.2,3282.0,3324.24,3279.98,39.52M,1.19%
10/03/2022,3342.1699,3309.02,3348.45,3259.75,31.50M,0.72%
10/04/2022,3484.48,3359.71,3484.48,3359.71,37.03M,4.26%
10/05/2022,3447.72,3479.24,3480.45,3427.7,30.02M,-1.05%
10/06/2022,3433.45,3455.28,3476.6699,3419.8,26.75M,-0.41%
10/07/2022,3375.46,3419.3101,3434.1299,3373.6499,28.23M,-1.69%
10/10/2022,3356.8799,3367.8601,3389.9399,3338.3601,24.64M,-0.55%
10/11/2022,3340.3501,3352.54,3356.4099,3310.4099,28.87M,-0.49%
10/12/2022,3331.53,3339.5,3365.8501,3315.54,27.89M,-0.26%
10/13/2022,3362.3999,3321.1799,3373.1101,3256.3201,35.40M,0.93%
10/14/2022,3381.73,3371.71,3452.99,3371.71,34.86M,0.57%
10/17/2022,3441.6399,3382.1201,3456.8101,3369.55,26.49M,1.77%
10/18/2022,3463.8301,3449.95,3511.0601,3449.95,32.67M,0.64%
10/19/2022,3471.24,3466.71,3498.2,3458.1699,23.23M,0.21%
10/20/2022,3492.8501,3467.5701,3501.5801,3451.75,29.62M,0.62%
10/21/2022,3476.6299,3477.27,3488.01,3422.9299,38.82M,-0.46%
10/24/2022,3527.79,3488.78,3552.74,3473.21,31.33M,1.47%
10/25/2022,3585.5801,3536.9199,3585.5801,3511.52,29.93M,1.64%
10/26/2022,3605.3101,3586.47,3609.72,3560.4299,31.45M,0.55%
10/27/2022,3604.51,3604.95,3618.73,3565.3601,38.26M,-0.02%
10/28/2022,3613.02,3594.6001,3615.9099,3558.55,29.71M,0.24%
10/31/2022,3617.54,3622.55,3631.23,3606.97,29.74M,0.13%
11/01/2022,3651.02,3628.6001,3680.24,3628.6001,27.27M,0.93%
11/02/2022,3622.01,3653.4199,3675.6599,3621.1799,29.43M,-0.79%
11/03/2022,3593.1799,3596.0701,3597.5801,3563.4199,28.57M,-0.8%
11/04/2022,3688.3301,3601.9199,3711.21,3601.9199,50.02M,2.65%
11/07/2022,3708.8,3682.46,3719.21,3667.98,34.45M,0.55%
11/08/2022,3739.28,3704.2,3741.29,3695.1699,27.40M,0.82%
11/09/2022,3728.03,3735.47,3739.6499,3708.51,30.77M,-0.3%
11/10/2022,3846.5601,3717.6899,3849.1399,3706.79,44.83M,3.18%
11/11/2022,3868.5,3873.0701,3890.25,3859.5,38.27M,0.57%
11/14/2022,3887.51,3873.51,3915.6699,3872.21,27.38M,0.49%
11/15/2022,3915.0901,3896.29,3932.23,3889.25,31.09M,0.71%
11/16/2022,3882.78,3911.6799,3918.97,3873.3401,29.79M,-0.83%
11/17/2022,3878.4199,3890.1699,3910.1699,3842.8701,32.44M,-0.11%
11/18/2022,3924.8401,3889.5601,3940.9399,3889.5601,43.43M,1.2%
11/21/2022,3909.28,3915.6599,3921.95,3896.71,32.33M,-0.4%
11/22/2022,3929.8999,3903.8,3935.55,3901.1399,32.16M,0.53%
11/23/2022,3946.4399,3938.5701,3950.1399,3925.3701,28.05M,0.42%
11/24/2022,3961.99,3948.78,3976.4299,3947.1599,21.29M,0.39%
11/25/2022,3962.4099,3962.26,3975.1699,3951.6399,22.53M,0.01%
11/28/2022,3935.51,3952.71,3957.5601,3925.1299,26.03M,-0.68%
11/29/2022,3934.4399,3941.55,3953.98,3924.5601,26.49M,-0.03%
11/30/2022,3964.72,3945.71,3972.6899,3943.46,54.93M,0.77%
12/01/2022,3984.5,3970.6799,4004.1899,3968.8899,35.84M,0.5%
12/02/2022,3977.8999,3974.1599,3996.5701,3940.52,28.79M,-0.17%
12/05/2022,3956.53,3973.45,3977.73,3950.3101,20.32M,-0.54%
12/06/2022,3939.1899,3953.5,3963.51,3924.6499,26.96M,-0.44%
12/07/2022,3920.8999,3929.71,3944.03,3911.46,25.63M,-0.46%
12/08/2022,3921.27,3926.1699,3931.0801,3903.9299,19.98M,0.01%
12/09/2022,3942.6201,3926.5901,3946.5,3905.9399,26.35M,0.54%
12/12/2022,3921.8201,3931.5901,3936.1101,3911.6699,20.95M,-0.53%
12/13/2022,3986.8301,3926.3601,4035.1499,3923.9299,33.65M,1.66%
12/14/2022,3975.26,3980.71,3980.71,3955.1499,26.72M,-0.29%
12/15/2022,3835.7,3950.02,3950.02,3831.21,49.10M,-3.51%
12/16/2022,3804.02,3831.0,3837.77,3783.9399,72.87M,-0.83%
12/19/2022,3811.24,3808.53,3835.6299,3808.53,22.54M,0.19%
12/20/2022,3802.49,3790.5801,3816.8999,3767.26,28.10M,-0.23%
12/21/2022,3872.1499,3810.8701,3874.3601,3810.8701,25.09M,1.83%
12/22/2022,3823.29,3870.98,3889.7,3817.49,20.22M,-1.26%
12/23/2022,3817.01,3823.7,3833.6101,3798.74,14.82M,-0.16%
12/27/2022,3832.8899,3826.99,3854.6101,3826.99,12.77M,0.42%
12/28/2022,3808.8201,3833.45,3842.22,3805.9399,13.85M,-0.63%
12/29/2022,3850.0701,3803.24,3851.3899,3793.25,17.58M,1.08%
12/30/2022,3793.6201,3845.9199,3845.9199,3792.0901,16.36M,-1.47%
01/03/2023,3882.29,3852.0701,3921.3701,3852.0701,33.16M,2.34%
01/04/2023,3973.97,3891.04,3975.5,3891.04,39.91M,2.36%
01/05/2023,3959.48,3967.01,3974.6101,3950.4199,26.93M,-0.36%
01/06/2023,4017.8301,3959.96,4017.8501,3951.9299,28.23M,1.47%
01/09/2023,4068.6201,4027.51,4080.55,4025.1599,32.74M,1.26%
01/10/2023,4057.46,4052.6201,4063.29,4042.4199,26.65M,-0.27%
01/11/2023,4099.7598,4062.3799,4107.8101,4062.3799,30.66M,1.04%
01/12/2023,4126.6802,4104.1401,4144.3701,4104.1401,32.44M,0.66%
01/13/2023,4150.7998,4129.1099,4160.9702,4129.1099,31.28M,0.58%
01/16/2023,4157.0,4155.7402,4162.5098,4145.27,20.97M,0.15%
01/17/2023,4174.3301,4153.9302,4193.2998,4142.29,31.15M,0.42%
01/18/2023,4174.3398,4171.0298,4197.4702,4171.0298,29.03M,0.0%
01/19/2023,4094.28,4156.1001,4158.5698,4092.5701,35.79M,-1.92%
01/20/2023,4119.8999,4101.6401,4126.1699,4100.1699,36.59M,0.63%
01/23/2023,4150.8198,4121.9702,4157.1299,4121.9702,27.75M,0.75%
01/24/2023,4153.02,4154.2598,4167.02,4132.2402,25.72M,0.05%
01/25/2023,4148.1099,4153.6299,4158.77,4116.9902,26.03M,-0.12%
01/26/2023,4173.98,4156.5098,4183.5601,4156.5098,32.65M,0.62%
01/27/2023,4178.0098,4177.2598,4188.71,4154.5298,27.71M,0.1%
01/30/2023,4158.6299,4166.75,4166.75,4122.21,25.85M,-0.46%
01/31/2023,4163.4502,4155.3101,4166.1699,4124.5801,43.15M,0.12%
02/01/2023,4171.4399,4168.8101,4187.6099,4159.0098,42.48M,0.19%
02/02/2023,4241.1201,4174.3301,4245.0801,4174.3301,54.60M,1.67%
02/03/2023,4257.98,4230.5298,4257.98,4206.2598,54.88M,0.4%
02/06/2023,4205.4502,4246.4502,4246.4502,4186.6602,32.75M,-1.23%
02/07/2023,4209.3101,4206.3901,4218.4902,4192.9502,35.77M,0.09%
02/08/2023,4209.1499,4220.8599,4248.3799,4208.3999,30.19M,-0.0%
02/09/2023,4250.1401,4226.8501,4275.5801,4226.8501,33.41M,0.97%
02/10/2023,4197.9399,4242.3599,4242.3599,4172.9502,36.75M,-1.23%
02/13/2023,4241.3599,4202.0298,4244.6201,4202.0298,25.44M,1.03%
02/14/2023,4238.7598,4244.4702,4279.5698,4233.73,27.63M,-0.06%
02/15/2023,4280.04,4237.0,4283.6201,4234.3901,28.25M,0.97%
02/16/2023,4297.2402,4295.9902,4316.1699,4269.4399,36.45M,0.4%
02/17/2023,4274.9199,4283.04,4288.0801,4232.25,36.87M,-0.52%
02/20/2023,4271.1802,4281.7202,4284.5601,4262.21,21.11M,-0.09%
02/21/2023,4250.3999,4265.1802,4265.29,4210.1699,28.00M,-0.49%
02/22/2023,4242.8799,4245.75,4248.0601,4205.9302,34.87M,-0.18%
02/23/2023,4258.1602,4249.9502,4282.8799,4249.9502,32.48M,0.36%
02/24/2023,4178.8198,4263.3799,4280.1401,4171.9302,45.71M,-1.86%
02/27/2023,4248.0098,4191.8398,4266.8198,4191.8398,30.11M,1.66%
02/28/2023,4238.3799,4238.46,4268.6602,4222.23,58.92M,-0.23%
03/01/2023,4215.75,4243.3799,4276.0601,4206.3198,36.21M,-0.53%
03/02/2023,4240.5898,4204.7998,4241.3901,4178.6499,29.38M,0.59%
03/03/2023,4294.7998,4256.8101,4298.7798,4256.8101,30.52M,1.28%
03/06/2023,4313.7798,4306.6499,4324.27,4295.6899,26.31M,0.44%
03/07/2023,4278.96,4306.25,4319.0601,4277.8198,30.28M,-0.81%
03/08/2023,4288.4502,4272.3701,4298.9502,4264.23,26.86M,0.22%
03/09/2023,4286.1201,4283.2998,4297.5601,4257.2002,28.14M,-0.05%
03/10/2023,4229.5298,4256.4302,4256.4302,4190.98,49.66M,-1.32%
03/13/2023,4096.54,4228.3198,4229.2202,4071.9399,78.07M,-3.14%
03/14/2023,4179.4702,4104.5698,4189.0801,4088.5801,52.29M,2.02%
03/15/2023,4034.9199,4175.6201,4178.46,4018.3,81.67M,-3.46%
03/16/2023,4116.98,4060.4099,4135.0,4021.45,61.73M,2.03%
03/17/2023,4064.99,4137.3701,4174.6699,4042.75,91.67M,-1.26%
03/20/2023,4119.4199,4054.7,4136.1899,3980.9399,69.87M,1.34%
03/21/2023,4181.6001,4139.8901,4206.9302,4139.8901,49.52M,1.51%
03/22/2023,4195.7002,4174.8999,4212.8101,4167.1201,37.40M,0.34%
03/23/2023,4207.1401,4195.2202,4215.2002,4166.0,34.03M,0.27%
03/24/2023,4130.6201,4193.1602,4193.1602,4093.1599,56.57M,-1.82%
03/27/2023,4164.6201,4133.7998,4190.1401,4133.7998,34.83M,0.82%
03/28/2023,4168.21,4169.5298,4205.3501,4157.1099,30.41M,0.09%
03/29/2023,4231.27,4168.6099,4233.5898,4168.6099,33.77M,1.51%
03/30/2023,4285.4199,4232.5898,4295.3198,4232.5898,29.62M,1.28%
03/31/2023,4315.0498,4285.8398,4325.3398,4278.3101,36.31M,0.69%
04/03/2023,4311.0498,4312.9902,4329.29,4304.8901,29.10M,-0.09%
04/04/2023,4315.3198,4312.1499,4346.9502,4311.02,28.19M,0.1%
04/05/2023,4298.3599,4316.29,4320.8301,4286.21,29.79M,-0.39%
04/06/2023,4309.4502,4295.5498,4313.7402,4293.8501,28.51M,0.26%
04/11/2023,4333.29,4312.6602,4343.9199,4312.6602,30.12M,0.55%
04/12/2023,4334.0298,4332.3301,4374.23,4323.6699,30.18M,0.02%
04/13/2023,4363.2402,4334.6699,4363.6099,4334.6699,28.72M,0.67%
04/14/2023,4390.75,4364.0898,4397.5801,4363.3101,35.53M,0.63%
04/17/2023,4367.6099,4392.3999,4401.9702,4366.2202,26.85M,-0.53%
04/18/2023,4393.9502,4367.6201,4407.7402,4367.6201,26.67M,0.6%
04/19/2023,4393.5698,4393.46,4397.1602,4373.1899,25.03M,-0.01%
04/20/2023,4384.8599,4391.9199,4400.6099,4365.9102,35.90M,-0.2%
04/21/2023,4408.5898,4382.0601,4408.5898,4367.5601,39.17M,0.54%
04/24/2023,4401.7998,4398.5098,4411.6699,4387.6401,24.13M,-0.15%
04/25/2023,4377.8501,4393.23,4393.23,4363.98,30.71M,-0.54%
04/26/2023,4347.71,4373.21,4373.21,4324.4302,35.48M,-0.69%
04/27/2023,4358.0498,4345.04,4368.9502,4327.98,27.11M,0.24%
04/28/2023,4359.3101,4353.9199,4376.2998,4305.6299,39.59M,0.03%
05/02/2023,4294.8501,4353.4102,4372.6602,4291.6602,33.75M,-1.48%
05/03/2023,4310.1802,4303.5298,4329.0298,4303.5298,27.49M,0.36%
05/04/2023,4287.0298,4280.6602,4302.04,4264.4102,31.08M,-0.54%
05/05/2023,4340.4302,4280.9199,4340.48,4280.9199,31.87M,1.25%
05/08/2023,4348.6499,4335.2202,4355.4102,4334.1299,19.64M,0.19%
05/09/2023,4323.0898,4344.4199,4344.4199,4305.3101,22.74M,-0.59%
05/10/2023,4306.7598,4322.6499,4332.29,4293.21,27.26M,-0.38%
05/11/2023,4309.75,4303.98,4341.5898,4281.6899,29.58M,0.07%
05/12/2023,4317.8799,4304.0698,4344.3198,4304.0698,24.69M,0.19%
05/15/2023,4316.4102,4315.8501,4338.1401,4302.7598,20.45M,-0.03%
05/16/2023,4315.5098,4313.1201,4328.7798,4298.3101,22.34M,-0.02%
05/17/2023,4323.23,4313.25,4332.0801,4293.5698,22.87M,0.18%
05/19/2023,4395.2998,4368.2402,4412.8799,4368.2402,32.14M,1.67%
05/22/2023,4385.6299,4384.9902,4394.9399,4372.9302,23.96M,-0.22%
05/23/2023,4342.3799,4382.9902,4383.4502,4342.3799,18.70M,-0.99%
05/24/2023,4263.7402,4339.5,4339.5,4250.2598,34.16M,-1.81%
05/25/2023,4269.6401,4264.0098,4284.96,4251.29,28.42M,0.14%
05/26/2023,4337.5,4272.8501,4346.2002,4260.8101,26.47M,1.59%
05/30/2023,4291.5801,4314.96,4338.71,4284.1099,26.29M,-1.06%
05/31/2023,4218.04,4289.1001,4289.1001,4210.6899,97.32M,-1.71%
06/01/2023,4257.6099,4222.5601,4271.3701,4222.5601,26.94M,0.94%
06/02/2023,4323.52,4259.6401,4327.5698,4259.6401,29.37M,1.55%
06/05/2023,4293.2402,4324.1001,4333.1802,4287.1401,23.34M,-0.7%
06/06/2023,4295.2202,4292.77,4299.0,4275.4399,22.40M,0.05%
06/07/2023,4291.9102,4294.5,4305.25,4273.2798,24.08M,-0.08%
06/08/2023,4297.6802,4284.0898,4305.8999,4276.3599,25.60M,0.13%
06/09/2023,4289.79,4298.48,4307.4199,4275.0898,20.24M,-0.18%
06/12/2023,4316.4902,4291.04,4332.9702,4291.04,21.54M,0.62%
06/13/2023,4347.5498,4317.75,4352.0098,4316.52,25.60M,0.72%
06/14/2023,4375.98,4346.52,4385.8398,4343.5498,31.34M,0.65%
06/15/2023,4365.1201,4373.5801,4373.5801,4333.6401,25.49M,-0.25%
06/16/2023,4394.8198,4365.7402,4410.2002,4363.96,75.50M,0.68%
06/19/2023,4362.3799,4392.1699,4392.1699,4356.5098,22.40M,-0.74%
06/20/2023,4343.1401,4361.5,4365.23,4338.3501,24.01M,-0.44%
06/21/2023,4322.75,4339.4702,4350.1001,4316.4702,25.13M,-0.47%
06/22/2023,4304.4702,4304.02,4304.5898,4261.3398,25.39M,-0.42%
06/23/2023,4271.6099,4296.75,4296.75,4253.1499,28.40M,-0.76%
06/26/2023,4280.5698,4272.1001,4294.1602,4238.0698,23.76M,0.21%
06/27/2023,4305.2598,4286.1802,4311.1201,4272.27,23.67M,0.58%
06/28/2023,4344.75,4313.04,4349.3901,4313.04,24.70M,0.92%
06/29/2023,4354.6899,4345.23,4371.6001,4341.6401,24.42M,0.23%
06/30/2023,4399.0898,4354.9502,4409.5,4346.3999,39.20M,1.02%
07/03/2023,4398.1499,4401.0298,4420.0098,4397.7598,24.61M,-0.02%
07/04/2023,4390.9902,4398.0498,4412.54,4389.52,18.59M,-0.16%
07/05/2023,4350.71,4388.2998,4388.2998,4342.8701,24.35M,-0.92%
07/06/2023,4223.0898,4349.2998,4349.2998,4213.8101,35.24M,-2.93%
07/07/2023,4236.6001,4222.73,4257.9902,4197.9702,24.78M,0.32%
07/10/2023,4256.5098,4235.3501,4272.4902,4217.75,17.03M,0.47%
07/11/2023,4286.5601,4257.8999,4301.23,4257.8999,18.46M,0.71%
07/12/2023,4360.46,4289.0098,4367.4399,4289.0098,30.45M,1.72%
07/13/2023,4391.7598,4361.1602,4410.2798,4361.1602,27.77M,0.72%
07/14/2023,4400.1099,4389.9302,4411.1802,4388.7598,28.87M,0.19%
07/17/2023,4356.79,4397.3301,4397.3301,4342.54,18.52M,-0.98%
07/18/2023,4369.73,4354.6201,4374.6299,4345.1602,20.71M,0.3%
07/19/2023,4362.2798,4370.9102,4404.5898,4362.0898,25.25M,-0.17%
07/20/2023,4373.73,4360.9199,4376.5801,4340.6899,27.57M,0.26%
07/21/2023,4391.4102,4374.0698,4391.4102,4355.2798,26.76M,0.4%
07/24/2023,4383.0298,4386.8701,4386.8701,4364.2598,19.92M,-0.19%
07/25/2023,4391.2998,4382.4902,4399.5,4374.1299,18.48M,0.19%
07/26/2023,4346.1499,4390.96,4390.96,4312.0698,32.51M,-1.03%
07/27/2023,4447.4399,4347.1802,4448.96,4347.1802,38.25M,2.33%
07/28/2023,4466.5,4448.6001,4476.04,4423.6401,41.69M,0.43%
07/31/2023,4471.3101,4466.4102,4491.5098,4458.3701,30.44M,0.11%
08/02/2023,4336.5,4403.04,4403.04,4329.9102,31.19M,-3.02%
08/03/2023,4304.6299,4335.1401,4335.1401,4279.0498,28.07M,-0.73%
08/04/2023,4332.9102,4306.0698,4336.6499,4288.7998,25.84M,0.66%
08/07/2023,4337.5,4330.23,4341.1099,4304.1299,18.24M,0.11%
08/08/2023,4288.8501,4329.4702,4330.2202,4259.8398,58.70M,-1.12%
08/09/2023,4317.3301,4289.02,4354.9702,4289.02,34.47M,0.66%
08/10/2023,4384.04,4320.9199,4402.0898,4320.9199,29.36M,1.55%
08/11/2023,4321.3301,4381.7202,4381.7202,4311.1099,21.77M,-1.43%
08/14/2023,4330.23,4318.71,4343.8901,4306.2598,16.99M,0.21%
08/15/2023,4288.5698,4334.0698,4336.7202,4269.8599,23.27M,-0.96%
08/16/2023,4284.27,4284.5698,4304.0898,4268.8501,18.50M,-0.1%
08/17/2023,4227.8301,4281.5698,4281.5698,4224.7798,22.27M,-1.32%
08/18/2023,4212.9502,4224.4502,4224.4502,4175.3701,23.25M,-0.35%
08/21/2023,4224.8701,4212.6001,4262.1699,4212.6001,20.94M,0.28%
08/22/2023,4260.3701,4226.1001,4291.8101,4226.1001,19.60M,0.84%
08/23/2023,4266.6699,4260.9702,4294.29,4248.8198,20.54M,0.15%
08/24/2023,4232.2202,4278.1099,4322.0801,4229.6699,22.63M,-0.81%
08/25/2023,4236.25,4230.8198,4269.52,4219.9902,18.68M,0.1%
08/28/2023,4293.6899,4245.6001,4299.1699,4245.6001,19.00M,1.36%
08/29/2023,4326.4702,4297.6201,4329.29,4291.3501,22.56M,0.76%
08/30/2023,4315.3101,4326.5498,4340.8301,4294.6201,21.39M,-0.26%
08/31/2023,4297.1099,4316.1602,4336.7402,4297.1099,44.88M,-0.42%
09/01/2023,4282.6401,4296.3101,4319.9902,4282.3599,23.65M,-0.34%
09/04/2023,4279.8701,4286.6001,4323.3101,4272.0601,13.82M,-0.06%
09/05/2023,4269.1602,4275.9199,4286.77,4234.79,19.96M,-0.25%
09/06/2023,4238.2598,4265.54,4265.54,4224.3501,27.60M,-0.72%
09/07/2023,4221.02,4235.7402,4252.8301,4209.98,23.79M,-0.41%
09/08/2023,4237.1899,4224.1299,4244.4102,4179.9702,23.03M,0.38%
09/11/2023,4254.3301,4241.4302,4278.96,4241.4302,27.64M,0.4%
09/12/2023,4242.27,4258.7002,4264.5,4230.6401,25.76M,-0.28%
09/13/2023,4223.48,4236.9199,4238.6899,4198.9902,24.76M,-0.44%
09/14/2023,4279.75,4223.3999,4288.23,4205.6802,39.85M,1.33%
09/15/2023,4295.0498,4287.6499,4326.8999,4287.6499,68.34M,0.36%
09/18/2023,4245.8799,4291.0801,4291.0801,4234.73,23.66M,-1.14%
09/19/2023,4242.7002,4245.3901,4264.1401,4230.3301,19.67M,-0.07%
09/20/2023,4275.98,4242.4102,4286.5298,4241.5698,33.99M,0.78%
09/21/2023,4212.5898,4271.1001,4271.1001,4200.7202,29.53M,-1.48%
09/22/2023,4207.1602,4211.04,4218.6899,4178.4399,27.41M,-0.13%
09/25/2023,4167.3701,4204.2202,4213.23,4144.71,23.91M,-0.95%
09/26/2023,4129.1802,4165.0298,4165.0298,4114.9702,25.88M,-0.92%
09/27/2023,4131.6802,4129.9102,4153.4302,4121.3101,21.45M,0.06%
09/28/2023,4161.5601,4131.4399,4161.5898,4106.48,27.90M,0.72%
09/29/2023,4174.6602,4171.3301,4215.2798,4171.3301,27.20M,0.31%
10/02/2023,4137.6299,4181.6201,4204.1699,4119.4502,25.58M,-0.89%
10/03/2023,4095.5901,4124.98,4146.4702,4091.0,29.72M,-1.02%
10/04/2023,4099.8501,4084.78,4126.6001,4061.9399,30.30M,0.1%
10/05/2023,4099.8101,4104.1699,4122.52,4092.03,21.89M,-0.0%
10/06/2023,4144.4302,4106.1602,4144.6602,4094.01,26.04M,1.09%
10/09/2023,4112.5698,4139.5098,4139.5098,4097.9399,24.82M,-0.77%
10/10/2023,4205.23,4118.46,4208.4302,4118.46,26.95M,2.25%
10/11/2023,4200.7998,4203.8398,4217.0,4172.9102,25.13M,-0.11%
10/12/2023,4198.23,4202.79,4234.4902,4193.98,28.12M,-0.06%
10/13/2023,4136.1201,4197.2998,4198.1001,4133.1299,29.48M,-1.48%
10/16/2023,4149.8599,4137.0698,4163.3999,4110.8301,22.05M,0.33%
10/17/2023,4152.3198,4148.0898,4163.1001,4111.52,19.07M,0.06%
10/18/2023,4105.8599,4152.5298,4161.5,4099.8999,22.69M,-1.12%
10/19/2023,4090.3301,4104.79,4109.8101,4069.29,31.26M,-0.38%
10/20/2023,4024.6799,4077.4399,4077.4399,4024.6799,37.66M,-1.61%
10/23/2023,4041.75,4025.48,4044.6201,3993.1001,26.97M,0.42%
10/24/2023,4065.3701,4045.4199,4074.3201,4026.6499,25.26M,0.58%
10/25/2023,4073.3501,4062.3401,4082.49,4040.51,22.48M,0.2%
10/26/2023,4049.3999,4070.75,4070.75,4017.74,27.69M,-0.59%
10/27/2023,4014.3601,4056.1001,4068.52,4006.6399,24.39M,-0.87%
10/30/2023,4028.3201,4023.4199,4050.98,4023.4199,25.45M,0.35%
10/31/2023,4061.1201,4030.8301,4073.49,4026.9299,33.31M,0.81%
11/01/2023,4091.71,4069.6499,4103.6499,4049.8701,28.09M,0.75%
11/02/2023,4169.6201,4102.0898,4188.3101,4102.0898,35.27M,1.9%
11/03/2023,4174.6699,4175.8501,4195.96,4163.8599,35.84M,0.12%
11/06/2023,4158.6401,4178.3198,4188.6499,4152.0801,25.43M,-0.38%
11/07/2023,4153.3701,4150.52,4164.8799,4135.5298,20.87M,-0.13%
11/08/2023,4178.4902,4148.4199,4197.6299,4133.46,27.66M,0.6%
11/09/2023,4229.2002,4179.3501,4234.0,4166.8901,25.14M,1.21%
11/10/2023,4197.3599,4218.2598,4218.2598,4176.1602,25.22M,-0.75%
11/13/2023,4232.1899,4205.4102,4234.73,4205.4102,26.67M,0.83%
11/14/2023,4291.7202,4232.3999,4304.7202,4230.9102,37.24M,1.41%
11/15/2023,4315.5298,4294.98,4326.7202,4294.98,29.96M,0.55%
11/16/2023,4302.4502,4315.5698,4323.6001,4302.4502,32.96M,-0.3%
11/17/2023,4340.77,4304.0,4347.5298,4304.0,41.32M,0.89%
11/20/2023,4342.4102,4338.3999,4348.4902,4330.4702,31.87M,0.04%
11/21/2023,4331.8999,4343.0698,4345.0698,4329.5298,24.99M,-0.24%
11/22/2023,4352.02,4335.7798,4357.1001,4335.7798,22.32M,0.46%
11/23/2023,4361.3198,4352.73,4363.6499,4350.4199,18.32M,0.21%
11/24/2023,4372.1001,4357.9502,4375.8301,4356.0801,21.64M,0.25%
11/27/2023,4354.4102,4369.9199,4376.7002,4353.27,22.31M,-0.4%
11/28/2023,4348.02,4350.3398,4350.3398,4328.1201,23.47M,-0.15%
11/29/2023,4370.5298,4341.2998,4382.1499,4341.2998,30.48M,0.52%
11/30/2023,4382.4702,4370.3901,4392.8101,4361.8301,55.34M,0.27%
12/01/2023,4418.5098,4393.04,4420.5698,4393.04,23.41M,0.82%
12/04/2023,4414.9502,4414.2998,4426.5498,4405.3301,25.29M,-0.08%
12/05/2023,4452.77,4414.3301,4457.8198,4412.6699,31.97M,0.86%
12/06/2023,4483.2598,4460.3301,4495.2998,4458.5298,32.54M,0.68%
12/07/2023,4473.77,4480.52,4480.52,4465.25,31.12M,-0.21%
12/08/2023,4523.3101,4477.04,4531.54,4477.04,26.89M,1.11%
12/11/2023,4540.1899,4522.79,4544.1299,4519.6201,24.13M,0.37%
12/12/2023,4536.6099,4544.4102,4561.1099,4535.04,26.30M,-0.08%
12/13/2023,4530.1899,4539.4502,4554.1299,4528.9902,27.79M,-0.14%
12/14/2023,4539.1602,4541.4702,4593.1099,4515.9199,47.27M,0.2%
12/15/2023,4549.4399,4551.0298,4579.8999,4542.1099,62.26M,0.23%
12/18/2023,4521.1299,4540.1201,4541.4199,4513.1001,22.24M,-0.62%
12/19/2023,4535.3999,4522.1299,4538.3198,4519.2798,23.31M,0.32%
12/20/2023,4533.8198,4538.1201,4546.0601,4515.52,22.43M,-0.03%
12/21/2023,4524.8599,4522.4902,4524.8599,4503.3599,16.75M,-0.2%
12/22/2023,4521.4702,4520.6001,4528.0498,4505.73,17.78M,-0.07%
12/27/2023,4528.3799,4521.7998,4542.3301,4520.5098,16.85M,0.15%
12/28/2023,4514.3799,4536.6802,4542.75,4512.6401,14.43M,-0.31%
12/29/2023,4521.6499,4518.1201,4536.4399,4517.3101,13.28M,0.16%
01/03/2024,4448.1299,4514.2002,4515.7002,4433.1401,26.38M,-1.63%
01/04/2024,4474.0098,4451.7202,4476.7202,4443.4199,28.08M,0.58%
01/05/2024,4463.5098,4458.7402,4474.8799,4418.0801,28.78M,-0.23%
01/08/2024,4485.48,4461.7998,4487.2598,4438.4902,21.90M,0.49%
01/09/2024,4467.1699,4486.9902,4486.9902,4446.6201,25.54M,-0.41%
01/10/2024,4468.98,4467.1499,4484.7998,4459.54,20.34M,0.04%
01/11/2024,4442.2798,4481.3999,4510.0098,4441.46,24.08M,-0.6%
01/12/2024,4480.02,4453.2402,4492.77,4453.2402,20.70M,0.85%
01/15/2024,4454.6802,4483.98,4489.4902,4451.0298,16.29M,-0.57%
01/16/2024,4446.5098,4443.21,4448.4502,4414.4399,22.72M,-0.18%
01/17/2024,4403.0801,4420.6001,4420.6001,4380.9702,26.43M,-0.98%
01/18/2024,4453.0498,4417.5601,4455.4702,4408.4199,25.62M,1.13%
01/19/2024,4448.8301,4465.2002,4476.7798,4437.5,26.27M,-0.09%
01/22/2024,4480.3198,4454.4502,4495.4302,4454.4502,24.71M,0.71%
01/23/2024,4465.9102,4487.5098,4496.3901,4456.7798,21.31M,-0.32%
01/24/2024,4564.1099,4469.79,4564.1099,4469.6001,30.20M,2.2%
01/25/2024,4582.2598,4562.3398,4584.8701,4545.52,30.57M,0.4%
01/26/2024,4635.4702,4572.1299,4639.0498,4572.1299,24.80M,1.16%
01/29/2024,4639.3599,4636.77,4639.3599,4622.46,26.59M,0.08%
01/30/2024,4662.7002,4647.4102,4667.4199,4642.2598,31.63M,0.5%
01/31/2024,4648.3999,4659.8701,4674.7402,4642.6899,36.66M,-0.31%
02/01/2024,4638.6001,4641.9399,4656.52,4619.48,38.36M,-0.21%
02/02/2024,4654.5498,4645.7798,4676.71,4645.7798,29.25M,0.34%
02/05/2024,4655.27,4656.0498,4667.3999,4638.3301,41.76M,0.02%
02/06/2024,4690.8701,4667.5,4692.4399,4660.02,40.13M,0.76%
02/07/2024,4678.8501,4691.5698,4694.8799,4677.9199,36.29M,-0.26%
02/08/2024,4710.7798,4687.21,4720.7798,4682.8301,26.95M,0.68%
02/09/2024,4715.8701,4711.3301,4723.77,4696.5098,30.84M,0.11%
02/12/2024,4746.3501,4720.2998,4746.3501,4720.2998,21.60M,0.65%
02/13/2024,4689.2798,4746.46,4746.46,4671.9902,22.71M,-1.2%
02/14/2024,4709.2202,4685.9399,4712.8901,4681.6201,20.16M,0.43%
02/15/2024,4743.1699,4713.7798,4749.27,4713.7798,26.28M,0.72%
02/16/2024,4765.6499,4754.4302,4782.79,4750.7598,28.82M,0.47%
02/19/2024,4763.0698,4755.75,4765.8198,4744.5898,17.30M,-0.05%
02/20/2024,4760.2798,4757.9502,4766.6201,4749.1802,20.50M,-0.06%
02/21/2024,4775.3101,4761.2402,4782.5601,4756.6802,27.02M,0.32%
02/22/2024,4855.3599,4812.02,4866.0601,4812.02,29.13M,1.68%
02/23/2024,4872.5698,4857.4102,4881.6602,4850.3198,28.69M,0.35%
02/26/2024,4864.29,4865.8701,4870.4302,4859.4902,25.39M,-0.17%
02/27/2024,4885.7402,4865.54,4887.8501,4863.8101,24.24M,0.44%
02/28/2024,4883.77,4883.8398,4887.1802,4874.9399,22.07M,-0.04%
02/29/2024,4877.77,4883.77,4898.3701,4872.6299,52.11M,-0.12%
03/01/2024,4894.8599,4888.5801,4904.8501,4874.0298,36.36M,0.35%
03/04/2024,4912.9199,4904.5801,4915.4399,4897.9399,19.70M,0.37%
03/05/2024,4893.0698,4909.4199,4913.1001,4886.0698,29.83M,-0.4%
03/06/2024,4915.4902,4890.8398,4920.5698,4889.5801,31.10M,0.46%
03/07/2024,4974.2202,4901.0098,4978.1899,4891.79,33.78M,1.19%
03/08/2024,4961.1099,4974.9702,4986.5698,4961.1099,25.08M,-0.26%
03/11/2024,4930.4199,4932.2002,4938.6499,4913.8398,28.43M,-0.62%
03/12/2024,4983.2002,4937.7598,4985.1001,4926.21,33.57M,1.07%
03/13/2024,5000.5498,4985.8301,5016.2402,4983.8198,33.87M,0.35%
03/14/2024,4993.1201,5007.73,5031.8198,4986.6001,33.71M,-0.15%
03/15/2024,4986.02,4993.4399,5023.6499,4986.02,83.89M,-0.14%
03/18/2024,4982.7598,4993.6602,5004.0801,4976.6099,24.81M,-0.07%
03/19/2024,5007.9199,4979.0601,5007.9199,4976.3701,27.40M,0.5%
03/20/2024,5000.3101,4991.3701,5009.1299,4980.9502,23.45M,-0.15%
03/21/2024,5052.3101,5042.3198,5058.9102,5021.1401,27.74M,1.04%
03/22/2024,5031.1499,5035.1299,5037.7402,5008.8999,27.33M,-0.42%
03/25/2024,5044.1899,5029.25,5051.4702,5013.6001,22.82M,0.26%
03/26/2024,5064.1802,5046.2598,5072.75,5038.73,25.33M,0.4%
03/27/2024,5081.7402,5063.27,5095.1099,5063.27,25.29M,0.35%
03/28/2024,5083.4199,5085.25,5103.2598,5081.7798,31.38M,0.03%
04/02/2024,5042.0,5096.8599,5121.71,5038.6299,31.80M,-0.81%
04/03/2024,5069.25,5047.7998,5071.2002,5046.23,27.23M,0.54%
04/04/2024,5070.7598,5071.8301,5089.3301,5065.6499,23.60M,0.03%
04/05/2024,5014.75,5043.6099,5043.6099,4985.6699,36.78M,-1.1%
04/08/2024,5046.0498,5012.02,5053.0,5005.3101,19.82M,0.62%
04/09/2024,4990.8999,5038.73,5038.73,4981.23,24.10M,-1.09%
04/10/2024,5000.8301,5006.5,5037.1802,4951.1899,28.80M,0.2%
04/11/2024,4966.6802,4994.1499,5010.0898,4934.3999,30.61M,-0.68%
04/12/2024,4955.0098,4986.0298,5023.8999,4935.0298,27.78M,-0.23%
04/15/2024,4984.48,4969.0,5034.73,4969.0,24.47M,0.59%
04/16/2024,4916.9902,4962.1499,4962.1499,4899.4102,27.87M,-1.35%
04/17/2024,4914.1299,4918.73,4968.4102,4898.8999,22.79M,-0.06%
04/18/2024,4936.5698,4924.8301,4943.98,4907.6099,27.89M,0.46%
04/19/2024,4918.0898,4911.5898,4933.3799,4884.1201,35.23M,-0.37%
04/22/2024,4936.8501,4921.04,4954.1802,4913.7002,28.70M,0.38%
04/23/2024,5008.1699,4941.29,5011.1001,4941.29,35.18M,1.44%
04/24/2024,4989.8799,5004.9102,5031.8398,4981.8101,30.87M,-0.37%
04/25/2024,4939.0098,4993.3501,4994.4102,4900.27,27.54M,-1.02%
04/26/2024,5006.8501,4950.2202,5017.98,4950.2202,26.65M,1.37%
04/29/2024,4981.0898,5014.2202,5026.8198,4980.4199,28.18M,-0.51%
04/30/2024,4921.2202,4985.54,4988.1201,4916.5698,33.80M,-1.2%
05/02/2024,4890.6099,4907.3301,4913.71,4888.1099,35.99M,-0.62%
05/03/2024,4921.48,4901.04,4944.8198,4896.4102,35.28M,0.63%
05/06/2024,4956.96,4921.02,4969.1201,4920.9302,22.14M,0.72%
05/07/2024,5016.1001,4969.8198,5016.71,4967.8101,29.59M,1.19%
05/08/2024,5038.1699,5025.2998,5047.54,5023.7402,28.18M,0.44%
05/10/2024,5085.0801,5060.73,5096.8901,5060.73,33.57M,0.93%
05/13/2024,5078.96,5083.54,5087.9199,5068.0601,23.63M,-0.12%
05/14/2024,5080.29,5079.3701,5083.5498,5057.9399,35.58M,0.03%
05/15/2024,5100.8999,5083.25,5102.2998,5075.0601,28.21M,0.41%
05/16/2024,5072.4502,5094.77,5101.4102,5068.1099,26.35M,-0.56%
05/17/2024,5064.1401,5061.4399,5068.3901,5040.23,33.52M,-0.16%
05/21/2024,5046.9902,5064.8701,5064.8701,5026.0698,24.69M,-0.34%
05/22/2024,5025.1699,5044.2202,5045.0898,5020.7002,22.04M,-0.43%
05/23/2024,5037.6001,5026.7002,5064.5,5025.2798,20.90M,0.25%
05/24/2024,5035.4102,5027.9399,5040.8901,4991.7002,19.36M,-0.04%
05/27/2024,5059.2002,5038.9199,5059.2002,5033.5601,12.10M,0.47%
05/28/2024,5030.3501,5060.3799,5071.3901,5015.8501,20.62M,-0.57%
05/29/2024,4963.2002,5027.52,5027.5298,4955.8398,23.44M,-1.33%
05/30/2024,4982.1802,4954.7798,4985.8701,4947.21,22.46M,0.38%
05/31/2024,4983.6699,4985.71,5000.7598,4967.1899,58.90M,0.03%
06/03/2024,5003.54,5008.1001,5039.5498,4997.0098,22.74M,0.4%
06/04/2024,4953.3701,5001.9702,5001.9702,4942.1401,31.52M,-1.0%
06/05/2024,5035.6602,4972.7202,5044.02,4972.7202,23.77M,1.66%
06/06/2024,5069.0898,5051.9399,5082.0698,5049.8799,23.37M,0.66%
06/07/2024,5051.3101,5072.8799,5077.21,5018.3501,21.97M,-0.35%
06/10/2024,5016.48,5027.8599,5027.8599,4973.8799,23.41M,-0.69%
06/11/2024,4965.0898,5025.1299,5034.5801,4941.3901,29.06M,-1.02%
06/12/2024,5034.4302,4970.6099,5042.3901,4970.6099,26.42M,1.4%
06/13/2024,4935.5,5031.04,5031.04,4929.8701,34.94M,-1.97%
06/14/2024,4839.1401,4942.8198,4942.8198,4819.5601,50.98M,-1.95%
06/17/2024,4880.4199,4858.6802,4900.3101,4837.8799,26.71M,0.85%
06/18/2024,4915.4702,4898.3301,4922.6099,4883.1802,25.53M,0.72%
06/19/2024,4885.4502,4913.54,4916.6899,4883.2998,22.30M,-0.61%
06/20/2024,4947.73,4894.1299,4948.8901,4894.1299,25.84M,1.27%
06/21/2024,4907.2998,4945.02,4945.02,4890.0801,57.82M,-0.82%
06/24/2024,4950.98,4911.1699,4964.8398,4911.1699,23.17M,0.89%
06/25/2024,4935.9702,4938.4399,4938.4399,4910.9199,21.34M,-0.3%
06/26/2024,4915.9399,4954.79,4975.8101,4889.23,23.58M,-0.41%
06/27/2024,4902.6001,4918.6299,4935.1099,4897.1802,22.56M,-0.27%
06/28/2024,4894.02,4909.2998,4922.8398,4880.98,25.15M,-0.18%
07/01/2024,4929.9902,4924.0801,4981.3101,4923.3198,26.81M,0.73%
07/02/2024,4906.3301,4918.21,4918.21,4869.48,22.90M,-0.48%
07/03/2024,4965.7998,4922.0298,4977.5698,4922.0298,22.54M,1.21%
07/04/2024,4987.48,4972.6699,4993.6602,4972.6699,16.02M,0.44%
07/05/2024,4979.3901,4993.9902,5019.6499,4960.5098,18.46M,-0.16%
07/08/2024,4969.8301,4976.5298,5029.25,4965.2402,22.23M,-0.19%
07/09/2024,4903.6201,4960.1499,4960.5498,4894.7598,20.01M,-1.33%
07/10/2024,4958.8599,4909.1401,4960.9902,4896.8501,20.13M,1.13%
07/11/2024,4976.1299,4970.3198,5005.7002,4964.1201,19.63M,0.35%
07/12/2024,5043.02,4980.96,5051.5898,4980.96,20.39M,1.34%
07/15/2024,4983.1099,5029.2798,5038.2998,4982.4199,16.54M,-1.19%
07/16/2024,4947.8301,4968.21,4968.21,4939.1699,19.24M,-0.71%
07/17/2024,4891.46,4939.4399,4939.4399,4877.1499,19.30M,-1.14%
07/18/2024,4870.1201,4902.4102,4923.8599,4870.1201,24.39M,-0.44%
07/19/2024,4827.2402,4868.9702,4868.9702,4822.5498,26.88M,-0.88%
07/22/2024,4897.4399,4833.1699,4911.4302,4833.1699,23.10M,1.45%
07/23/2024,4916.7998,4906.8901,4949.27,4896.3301,20.67M,0.4%
07/24/2024,4861.8701,4892.6602,4892.6602,4847.3901,25.42M,-1.12%
07/25/2024,4811.2798,4832.6802,4832.6802,4767.1499,27.18M,-1.04%
07/26/2024,4862.5,4810.8701,4867.8799,4810.2002,20.42M,1.06%
07/29/2024,4815.3901,4873.8398,4886.6001,4810.8101,20.13M,-0.97%
07/30/2024,4841.0,4830.52,4861.8501,4829.9199,27.56M,0.53%
07/31/2024,4872.9399,4852.1802,4907.3901,4852.1802,30.03M,0.66%
08/02/2024,4638.7002,4752.1001,4752.1001,4627.27,43.38M,-4.81%
08/05/2024,4571.6001,4605.7202,4605.7202,4473.9399,46.73M,-1.45%
08/06/2024,4575.2202,4580.1201,4607.8198,4538.2002,32.68M,0.08%
08/07/2024,4668.0601,4592.8701,4683.7202,4591.5898,33.11M,2.03%
08/08/2024,4668.7402,4661.8198,4673.6602,4606.7002,24.94M,0.01%
08/09/2024,4675.2798,4678.4399,4703.2202,4646.71,17.63M,0.14%
08/12/2024,4671.8799,4686.8501,4699.9102,4658.8599,15.14M,-0.07%
08/13/2024,4694.9199,4680.21,4697.96,4659.23,18.61M,0.49%
08/14/2024,4727.6001,4710.1802,4728.6802,4706.7598,14.41M,0.7%
08/15/2024,4807.77,4736.8398,4809.8799,4727.6299,17.52M,1.7%
08/16/2024,4840.52,4813.7202,4850.7402,4813.7202,22.74M,0.68%
08/19/2024,4871.4102,4838.02,4879.2998,4835.5801,15.85M,0.64%
08/20/2024,4857.5801,4878.2202,4897.4302,4855.8999,15.90M,-0.28%
08/21/2024,4885.2798,4856.23,4889.7202,4856.23,13.75M,0.57%
08/22/2024,4885.0,4885.7402,4911.4302,4883.98,14.71M,-0.01%
08/23/2024,4909.2002,4890.3398,4918.8501,4887.7002,16.24M,0.5%
08/26/2024,4896.6899,4907.04,4911.02,4892.1899,10.42M,-0.25%
08/27/2024,4898.7798,4897.27,4916.6802,4892.5098,16.78M,0.04%
08/28/2024,4913.0298,4904.7598,4932.7598,4904.7598,15.95M,0.29%
08/29/2024,4966.27,4915.4902,4966.27,4913.4902,19.54M,1.08%
08/30/2024,4957.98,4959.0298,4980.8599,4957.96,34.04M,-0.17%
09/02/2024,4973.0698,4955.8701,4973.3901,4924.1802,14.22M,0.3%
09/03/2024,4912.52,4977.9702,4986.7402,4906.98,21.27M,-1.22%
09/04/2024,4848.1802,4889.1699,4889.1699,4838.8301,20.84M,-1.31%
09/05/2024,4815.1499,4840.7002,4854.3301,4814.77,20.34M,-0.68%
09/06/2024,4738.0601,4806.5898,4829.2798,4732.8599,26.62M,-1.6%
09/09/2024,4778.6602,4745.21,4797.75,4745.21,18.48M,0.86%
09/10/2024,4747.2002,4779.5498,4803.3701,4736.8901,25.14M,-0.66%
09/11/2024,4763.5801,4752.5801,4796.4902,4735.9502,22.66M,0.35%
09/12/2024,4814.0801,4777.77,4836.6401,4777.77,21.94M,1.06%
09/13/2024,4843.9902,4817.7402,4853.8901,4817.7402,19.22M,0.62%
09/16/2024,4827.6299,4835.1602,4852.71,4820.1099,16.65M,-0.34%
09/17/2024,4860.7798,4832.8198,4879.6099,4832.8198,22.51M,0.69%
09/18/2024,4835.2998,4861.52,4864.6001,4831.0898,19.65M,-0.52%
09/19/2024,4943.3799,4862.4102,4943.3799,4862.4102,29.18M,2.24%
09/20/2024,4871.54,4929.1499,4930.2202,4868.7998,53.93M,-1.45%
09/23/2024,4885.5698,4875.6201,4893.98,4854.9302,21.86M,0.29%
09/24/2024,4940.7202,4907.5801,4953.6899,4907.5801,20.38M,1.13%
09/25/2024,4916.8901,4928.1499,4933.3701,4905.3301,19.76M,-0.48%
09/26/2024,5032.5898,4956.3398,5035.4399,4956.3398,31.63M,2.35%
09/27/2024,5067.4502,5028.3501,5071.4102,5028.3501,27.22M,0.69%
09/30/2024,5000.4502,5060.7598,5060.7598,5000.4502,35.00M,-1.32%
10/01/2024,4954.1499,5004.3701,5016.8799,4933.3901,31.88M,-0.93%
10/02/2024,4963.29,4961.73,4983.2202,4931.5601,25.21M,0.18%
10/03/2024,4921.3301,4959.2002,4959.2002,4907.6001,25.76M,-0.85%
10/04/2024,4954.9399,4920.2002,4976.02,4911.3599,26.48M,0.68%
10/07/2024,4969.71,4959.2402,4976.6699,4930.79,22.14M,0.3%
10/08/2024,4949.0,4953.9102,4955.96,4911.8301,19.75M,-0.42%
10/09/2024,4982.5698,4948.79,4984.79,4930.1299,19.72M,0.68%
10/10/2024,4970.3398,4980.1201,4986.7002,4950.1602,23.59M,-0.25%
10/11/2024,5003.9199,4970.6401,5005.8301,4953.8198,23.47M,0.68%
10/14/2024,5041.0098,5007.27,5044.7402,4999.1802,20.40M,0.74%
10/15/2024,4946.73,5045.6299,5053.23,4946.73,32.91M,-1.87%
10/16/2024,4908.71,4918.4399,4926.0801,4898.9502,28.22M,-0.77%
10/17/2024,4947.2998,4913.9902,4973.79,4913.9902,28.48M,0.79%
10/18/2024,4986.27,4950.0498,4986.27,4944.1299,29.69M,0.79%
10/21/2024,4941.2202,4977.8999,4989.3198,4938.1001,21.93M,-0.9%
10/22/2024,4939.3101,4941.04,4965.75,4910.3198,21.40M,-0.04%
10/23/2024,4922.5498,4924.3999,4948.3799,4906.2798,19.83M,-0.34%
10/24/2024,4935.4502,4929.02,4970.48,4929.02,19.46M,0.26%
10/25/2024,4943.0898,4940.3501,4953.3398,4915.5698,19.20M,0.15%
10/28/2024,4969.8301,4962.1602,4982.7402,4932.6099,22.49M,0.54%
10/29/2024,4950.02,4978.73,4999.7202,4948.8398,25.52M,-0.4%
10/30/2024,4885.75,4931.3198,4931.3198,4866.5898,24.93M,-1.3%
10/31/2024,4827.6299,4866.0298,4866.0298,4805.23,34.47M,-1.19%
11/01/2024,4877.75,4829.48,4889.4902,4829.48,25.85M,1.04%
11/04/2024,4852.1001,4873.9502,4893.3501,4852.1001,24.56M,-0.53%
11/05/2024,4870.3301,4853.6602,4874.5498,4839.4399,23.00M,0.38%
11/06/2024,4800.6299,4880.3501,4946.48,4788.4102,43.57M,-1.43%
11/07/2024,4851.96,4812.6299,4869.3901,4810.6299,34.83M,1.07%
11/08/2024,4802.7598,4853.5,4862.6401,4791.0601,29.19M,-1.01%
11/11/2024,4854.0298,4825.5,4875.75,4825.5,21.24M,1.07%
11/12/2024,4744.6899,4834.3398,4834.3398,4741.9902,30.61M,-2.25%
11/13/2024,4740.3398,4740.9302,4761.0898,4699.7798,25.87M,-0.09%
11/14/2024,4833.5298,4759.77,4835.7798,4747.5698,25.66M,1.97%
11/15/2024,4794.8501,4810.5898,4829.6802,4785.6499,26.34M,-0.8%
11/18/2024,4790.3301,4786.54,4800.4702,4755.79,23.57M,-0.09%
11/19/2024,4751.23,4791.8901,4801.23,4688.6802,31.16M,-0.82%
11/20/2024,4729.71,4760.6099,4786.2798,4717.4502,21.53M,-0.45%
11/21/2024,4755.8301,4731.23,4757.5898,4690.4502,22.66M,0.55%
11/22/2024,4789.0801,4772.8301,4797.9502,4722.77,32.45M,0.7%
11/25/2024,4799.8701,4806.29,4831.2798,4790.77,46.76M,0.23%
11/26/2024,4761.9902,4781.4702,4792.71,4747.0098,25.24M,-0.79%
11/27/2024,4733.1499,4752.4302,4752.4302,4705.9702,23.57M,-0.61%
11/28/2024,4758.6499,4759.2202,4781.0898,4747.3701,15.60M,0.54%
11/29/2024,4804.3999,4754.6201,4810.4902,4741.8901,23.07M,0.96%
12/02/2024,4846.73,4785.1499,4848.8701,4764.3799,27.36M,0.88%
12/03/2024,4878.5098,4854.1401,4902.04,4854.1401,25.25M,0.66%
12/04/2024,4919.02,4884.9399,4929.5298,4884.52,22.68M,0.83%
12/05/2024,4951.5801,4914.0601,4954.9199,4912.75,29.75M,0.66%
12/06/2024,4977.7798,4953.9302,4985.2202,4944.29,23.20M,0.53%
12/09/2024,4985.46,4991.8398,5007.7002,4974.0498,23.03M,0.15%
12/10/2024,4951.7402,4979.1699,4979.1699,4949.3198,21.32M,-0.68%
12/11/2024,4959.3501,4947.4399,4966.23,4940.0801,21.65M,0.15%
12/12/2024,4965.5298,4964.1699,4974.8999,4953.21,24.88M,0.12%
12/13/2024,4967.9502,4964.0801,4996.96,4955.29,20.68M,0.05%
12/16/2024,4947.0298,4963.8799,4963.8799,4940.3901,23.76M,-0.42%
12/17/2024,4942.5801,4936.52,4966.1401,4922.3398,23.94M,-0.09%
12/18/2024,4957.2798,4945.6099,4970.3501,4940.2998,22.98M,0.3%
12/19/2024,4879.0,4916.3198,4916.3198,4869.1099,23.12M,-1.58%
12/20/2024,4862.2798,4861.5898,4872.6602,4803.2002,52.54M,-0.34%
12/23/2024,4852.9302,4859.04,4862.5098,4832.1499,13.21M,-0.19%
12/27/2024,4898.8799,4854.1602,4898.8799,4847.8901,17.35M,0.95%
12/30/2024,4869.2798,4890.52,4904.0801,4862.1602,14.30M,-0.6%
01/03/2025,4871.4502,4915.54,4917.3398,4861.1201,17.72M,0.04%
01/06/2025,4986.6401,4893.3198,4986.6401,4893.1899,27.33M,2.36%
01/07/2025,5011.8198,4987.3799,5030.8301,4969.2998,23.98M,0.5%
01/08/2025,4996.3901,5013.3398,5036.2402,4966.4399,25.78M,-0.31%
01/09/2025,5017.9102,4982.75,5022.1499,4967.6201,17.48M,0.43%
01/10/2025,4977.2598,5013.5601,5031.5601,4970.79,23.93M,-0.81%
01/13/2025,4954.21,4964.7798,4964.7798,4916.8701,20.15M,-0.46%
01/14/2025,4980.4702,4978.5098,5014.2998,4974.0298,24.05M,0.53%
01/15/2025,5032.3101,4980.21,5051.6899,4975.3901,26.49M,1.04%
01/16/2025,5106.9302,5065.23,5107.3198,5065.23,25.07M,1.48%
01/17/2025,5148.2998,5118.3101,5158.6299,5118.3101,30.78M,0.81%
01/20/2025,5164.4399,5150.7598,5183.2798,5142.6001,24.73M,0.31%
01/21/2025,5165.96,5162.3599,5171.23,5151.8301,20.53M,0.03%
01/22/2025,5205.8301,5166.2998,5228.98,5166.2998,21.16M,0.77%
01/23/2025,5217.5,5212.2998,5220.8398,5184.8301,20.59M,0.22%
01/24/2025,5219.3701,5229.6099,5260.2798,5209.6499,25.91M,0.04%
01/27/2025,5188.4502,5212.8901,5223.1001,5131.7598,25.31M,-0.59%
01/28/2025,5195.71,5189.9302,5219.4902,5179.4902,22.04M,0.14%
01/29/2025,5230.6602,5197.6699,5244.4702,5185.23,25.67M,0.67%
01/30/2025,5282.21,5248.5,5285.2202,5248.5,23.61M,0.99%
01/31/2025,5286.8701,5291.4102,5314.29,5273.4902,22.05M,0.09%
02/03/2025,5217.9102,5228.6099,5228.6699,5174.0098,31.04M,-1.3%
02/04/2025,5264.5898,5226.1602,5267.5898,5191.6201,27.86M,0.89%
02/05/2025,5271.1201,5262.0,5271.1201,5242.8799,20.22M,0.12%
02/06/2025,5356.6299,5279.3799,5363.1401,5279.3799,35.73M,1.62%
02/07/2025,5325.3999,5348.3701,5358.6602,5317.1699,25.72M,-0.58%
02/10/2025,5358.2998,5328.54,5365.0298,5328.54,20.50M,0.62%
02/11/2025,5390.9102,5360.0098,5394.8599,5356.23,25.70M,0.61%
02/12/2025,5405.6499,5399.8999,5414.1401,5366.0,29.85M,0.27%
02/13/2025,5500.5,5424.3799,5502.1099,5424.3799,25.97M,1.75%
02/14/2025,5493.3999,5496.6699,5520.5801,5483.2002,25.07M,-0.13%
02/17/2025,5519.8301,5496.8701,5524.27,5489.8101,16.93M,0.48%
02/18/2025,5533.8398,5531.5298,5544.1201,5506.5698,21.73M,0.25%
02/19/2025,5461.1699,5530.54,5539.9702,5453.5098,23.58M,-1.31%
02/20/2025,5461.0298,5458.0801,5500.1499,5454.7998,18.76M,-0.0%
02/21/2025,5474.8501,5469.23,5489.9199,5454.5801,25.03M,0.25%
02/24/2025,5453.7598,5478.3901,5483.1802,5422.8599,19.23M,-0.39%
02/25/2025,5447.8999,5431.4399,5477.21,5424.8701,29.80M,-0.11%
02/26/2025,5527.9902,5459.8701,5533.9502,5459.8701,31.22M,1.47%
02/27/2025,5472.5601,5515.04,5515.04,5437.3799,27.65M,-1.0%
02/28/2025,5463.54,5455.96,5463.54,5411.54,45.82M,-0.16%
03/03/2025,5540.6899,5469.1001,5568.1899,5434.6201,27.29M,1.41%
03/04/2025,5387.3101,5511.6499,5511.6499,5370.75,40.45M,-2.77%
03/05/2025,5489.1201,5409.9302,5533.1802,5409.9302,38.07M,1.89%
03/06/2025,5520.4702,5507.8799,5541.4102,5452.3501,35.80M,0.57%
03/07/2025,5468.4102,5503.96,5503.96,5434.8599,31.36M,-0.94%
03/10/2025,5386.98,5480.1699,5494.1299,5375.1499,30.81M,-1.49%
03/11/2025,5309.8999,5400.1001,5426.6299,5294.3701,34.11M,-1.43%
03/12/2025,5359.4199,5330.0298,5406.6699,5320.0498,22.93M,0.93%
03/13/2025,5328.3901,5349.6602,5385.8599,5314.73,21.63M,-0.58%
03/14/2025,5404.1802,5327.8301,5412.4302,5312.75,28.41M,1.42%
03/17/2025,5445.5498,5400.8198,5446.8599,5386.9902,22.18M,0.77%
03/18/2025,5485.0098,5454.2002,5501.4102,5454.2002,25.69M,0.72%
03/19/2025,5507.3599,5482.9502,5515.0498,5460.9399,25.61M,0.41%
03/20/2025,5450.9302,5506.8198,5515.3799,5431.9902,28.70M,-1.02%
