sigma,tp,sl,hold,n_trades,mean_ret,win_rate,score
2.5,3.0,2.5,20,395,0.00120806,0.4633,0.022066
2.5,3.0,2.5,15,396,0.00108477,0.4697,0.02051
2.5,2.5,2.5,20,403,0.00097428,0.4913,0.018712
2.5,2.5,2.5,15,404,0.00065038,0.4876,0.012803
1.0,3.0,2.5,20,2834,0.00048355,0.4647,0.010275
1.0,1.5,2.5,20,3274,0.00020561,0.5171,0.005026
1.0,2.5,1.0,7,3674,0.00016513,0.4453,0.004381
1.0,3.0,1.0,7,3598,0.00016675,0.4408,0.004335
1.0,3.0,2.5,7,3186,0.0001541,0.4856,0.003721
1.0,3.0,2.5,10,3008,0.00013226,0.4781,0.003009
1.0,2.0,2.5,20,3079,0.00010171,0.4901,0.00234
1.0,3.0,2.5,15,2901,3.73e-05,0.4643,0.000811
1.0,3.0,2.0,7,3247,3.017e-05,0.4804,0.000743
1.0,2.5,2.5,20,2925,-4.83e-06,0.4732,-0.000106
1.0,2.5,2.5,7,3244,-1.089e-05,0.4877,-0.000266
1.0,1.5,2.5,10,3365,-2.351e-05,0.5129,-0.000596
1.0,1.5,2.5,15,3297,-2.988e-05,0.5129,-0.000738
2.5,1.5,2.5,20,416,-7.436e-05,0.5553,-0.001629
1.0,3.0,1.0,10,3468,-7.428e-05,0.4213,-0.001843
1.0,3.0,1.0,20,3352,-9.252e-05,0.4018,-0.002205
1.0,2.5,2.0,7,3318,-9.313e-05,0.4828,-0.002331
1.0,3.0,2.0,20,2931,-0.00012411,0.4572,-0.002686
1.0,3.0,2.0,10,3079,-0.00014016,0.4696,-0.003244
1.0,2.0,2.5,10,3193,-0.0001496,0.4926,-0.003619
1.0,2.0,2.5,15,3111,-0.00016507,0.4867,-0.003855
1.0,2.5,2.5,10,3076,-0.00018149,0.4811,-0.004219
1.0,1.5,2.5,7,3492,-0.00016444,0.5132,-0.004333
1.0,1.5,1.0,20,3885,-0.00018347,0.4559,-0.005125
1.0,2.5,1.0,10,3569,-0.00019943,0.4262,-0.00513
1.0,2.5,1.0,20,3472,-0.00020788,0.411,-0.005175
1.0,2.0,2.5,7,3337,-0.00022633,0.4957,-0.005731
1.0,3.0,1.5,7,3371,-0.00025161,0.4654,-0.006256
1.0,2.5,2.5,15,2977,-0.00029244,0.4709,-0.006515
1.0,1.5,2.0,7,3571,-0.00027532,0.5083,-0.007406
1.0,1.5,2.0,10,3460,-0.0002885,0.5061,-0.007456
1.0,1.5,1.0,10,3924,-0.00026463,0.458,-0.007516
1.0,1.5,2.5,5,3651,-0.00027283,0.5031,-0.007555
1.0,1.5,1.0,15,3891,-0.00027904,0.4552,-0.007832
1.0,1.5,1.0,7,3981,-0.00027144,0.465,-0.007888
1.0,2.5,1.5,7,3446,-0.0003228,0.4681,-0.008158
1.0,1.5,2.0,20,3389,-0.0003391,0.5084,-0.008508
2.5,2.0,2.5,20,406,-0.00044038,0.5148,-0.009019
1.0,3.0,1.0,15,3385,-0.00037348,0.4056,-0.00904
1.0,2.5,1.0,15,3492,-0.0003604,0.4141,-0.009053
2.5,1.5,2.5,15,416,-0.00040242,0.5529,-0.009067
1.0,2.0,1.0,7,3796,-0.00032601,0.4521,-0.009069
2.5,1.5,1.0,20,437,-0.00035063,0.4485,-0.009567
1.0,2.5,2.0,10,3164,-0.0004066,0.4738,-0.009674
1.0,3.0,2.5,5,3401,-0.00041144,0.4802,-0.010641
1.0,2.0,1.0,20,3654,-0.00044164,0.4291,-0.011664
1.0,3.0,2.0,15,2988,-0.00053303,0.4558,-0.011788
1.0,2.5,2.0,20,3040,-0.0005383,0.4641,-0.01214
1.0,3.0,1.5,20,3091,-0.00054919,0.438,-0.012301
1.0,1.5,1.5,7,3729,-0.00045201,0.4926,-0.012395
1.0,3.0,1.0,5,3761,-0.00048279,0.4459,-0.013329
2.5,1.5,1.0,15,437,-0.00048715,0.4485,-0.013437
1.0,2.0,2.0,7,3419,-0.00052359,0.4887,-0.013604
2.5,3.0,1.0,10,424,-0.00058026,0.3797,-0.013665
1.0,2.0,2.5,5,3526,-0.00054683,0.4892,-0.014761
2.5,2.5,1.0,15,428,-0.00062458,0.3738,-0.014845
1.0,2.0,1.0,10,3715,-0.00056225,0.4377,-0.015213
1.0,1.5,2.0,5,3716,-0.00055051,0.4978,-0.015419
1.0,1.5,1.5,20,3595,-0.00059559,0.4882,-0.015454
1.0,2.0,1.0,15,3664,-0.00058698,0.4309,-0.015603
1.0,2.0,2.0,20,3198,-0.00065858,0.4794,-0.015616
1.0,1.5,2.0,15,3404,-0.00062084,0.5044,-0.015701
2.5,2.5,1.0,20,428,-0.00067052,0.3715,-0.01582
2.5,3.0,1.0,15,423,-0.00070587,0.3546,-0.016072
2.5,2.5,1.0,10,428,-0.00066566,0.3972,-0.016183
1.0,2.0,2.0,10,3292,-0.00066763,0.483,-0.016531
2.5,1.5,1.0,10,437,-0.00059939,0.4485,-0.016659
1.0,2.0,1.5,7,3560,-0.00065135,0.4767,-0.01714
1.0,2.5,2.5,5,3445,-0.00064986,0.4827,-0.017212
1.0,2.5,1.5,20,3209,-0.00074244,0.4453,-0.017243
1.0,2.0,1.5,20,3377,-0.00071256,0.4631,-0.017416
1.25,1.5,2.5,20,2345,-0.00073452,0.5215,-0.017423
1.0,1.5,1.5,10,3645,-0.00065756,0.4872,-0.017475
1.0,3.0,2.0,5,3451,-0.00066684,0.4775,-0.017508
2.5,2.0,2.5,15,406,-0.00083958,0.5099,-0.017627
1.25,3.0,2.5,7,2257,-0.00075758,0.4763,-0.017698
1.0,2.5,1.0,5,3824,-0.00062858,0.4501,-0.017866
1.25,3.0,2.5,10,2153,-0.00085793,0.4561,-0.018682
1.0,2.5,2.0,15,3082,-0.00082131,0.4617,-0.018813
1.0,3.0,1.5,10,3225,-0.00081036,0.4496,-0.019167
1.0,1.5,1.5,15,3603,-0.00077628,0.486,-0.020267
1.0,2.5,2.0,5,3508,-0.00079763,0.4812,-0.021476
1.0,2.5,1.5,10,3322,-0.00089473,0.4545,-0.021699
2.5,3.0,2.0,20,404,-0.00111812,0.4257,-0.021831
1.25,1.5,2.5,7,2473,-0.00083983,0.5156,-0.021857
1.0,1.5,1.0,5,4075,-0.00074408,0.4631,-0.02233
1.25,1.5,2.5,15,2359,-0.00094041,0.518,-0.022557
1.0,3.0,1.5,15,3141,-0.00099008,0.4368,-0.022604
2.5,3.0,1.0,20,423,-0.00101919,0.3404,-0.022805
1.25,1.5,2.5,10,2404,-0.00092597,0.5112,-0.022991
1.0,2.0,2.0,15,3223,-0.00097809,0.4766,-0.023467
1.25,3.0,2.5,20,2031,-0.00118472,0.4397,-0.023792
1.0,2.0,1.0,5,3925,-0.0008228,0.4573,-0.023956
1.0,2.0,2.0,5,3593,-0.000902,0.4851,-0.024763
1.0,2.0,1.5,15,3396,-0.00100696,0.4611,-0.024849
1.0,2.0,1.5,10,3451,-0.00098367,0.4668,-0.024897
1.0,2.5,1.5,15,3248,-0.00105929,0.4424,-0.024907
1.0,1.5,1.5,5,3853,-0.00087809,0.4869,-0.025086
2.5,3.0,2.5,10,403,-0.00128446,0.4541,-0.025481
2.5,2.5,2.5,10,407,-0.00124272,0.4742,-0.025531
2.5,3.0,2.0,15,405,-0.00129254,0.437,-0.025687
1.25,2.5,2.5,20,2094,-0.00124796,0.4532,-0.025868
1.25,2.5,2.5,7,2298,-0.00110731,0.4809,-0.026288
2.5,2.5,2.0,20,412,-0.00131208,0.4515,-0.027281
1.25,2.5,2.5,10,2206,-0.00122789,0.4619,-0.027327
1.0,3.0,1.5,5,3564,-0.00103008,0.4677,-0.027343
2.5,1.5,2.5,10,418,-0.00119208,0.5287,-0.027426
1.25,1.5,1.0,20,2804,-0.00099001,0.4404,-0.027517
1.75,3.0,2.5,20,1031,-0.00153905,0.4452,-0.028291
1.25,2.0,2.5,20,2187,-0.00130438,0.4792,-0.02927
1.25,1.5,1.0,15,2806,-0.00106449,0.4405,-0.029694
1.25,2.0,2.5,10,2280,-0.00126892,0.4816,-0.030068
2.5,1.5,1.5,20,436,-0.0012127,0.4862,-0.030389
1.25,1.5,1.0,10,2821,-0.00108496,0.4435,-0.03067
1.0,2.5,1.5,5,3628,-0.00113042,0.4708,-0.030732
1.5,3.0,2.5,20,1468,-0.00168243,0.4455,-0.031651
1.25,2.0,2.5,7,2363,-0.00130186,0.493,-0.032659
1.25,3.0,2.5,15,2069,-0.00160521,0.4379,-0.032942
1.0,2.0,1.5,5,3719,-0.00118944,0.4773,-0.033012
1.5,3.0,1.0,20,1735,-0.00143508,0.3527,-0.033067
1.25,1.5,1.5,20,2613,-0.00134335,0.4864,-0.03419
2.5,2.5,2.5,7,410,-0.00159432,0.4732,-0.035071
2.5,2.5,1.5,20,425,-0.00160142,0.4071,-0.035184
1.25,2.5,2.5,15,2118,-0.0016988,0.449,-0.035809
2.5,3.0,2.0,10,410,-0.00171795,0.439,-0.035976
1.25,1.5,2.0,20,2456,-0.0014925,0.5061,-0.036311
1.25,1.5,1.5,10,2638,-0.00138737,0.4833,-0.036369
2.5,2.5,2.0,15,413,-0.00173356,0.4528,-0.036405
2.5,3.0,2.5,7,406,-0.00169316,0.4655,-0.036427
1.25,1.5,2.0,10,2505,-0.00143627,0.5002,-0.036448
1.25,2.0,2.5,15,2203,-0.00160823,0.4771,-0.036636
2.5,1.5,2.0,20,426,-0.00158244,0.5188,-0.037465
1.5,1.5,1.0,20,1964,-0.00136156,0.4328,-0.037679
1.25,1.5,1.5,7,2677,-0.00139526,0.4886,-0.038048
1.25,1.5,1.0,7,2846,-0.00130993,0.4505,-0.038062
2.5,2.0,1.0,15,432,-0.0015179,0.3981,-0.038338
1.5,3.0,2.5,10,1550,-0.00187998,0.4606,-0.038864
1.25,1.5,2.0,7,2563,-0.0014733,0.5049,-0.038931
2.5,2.0,1.0,20,432,-0.00155741,0.3981,-0.039049
1.5,1.5,1.0,15,1964,-0.00142901,0.4328,-0.039655
1.25,1.5,2.5,5,2575,-0.00144536,0.4959,-0.039698
1.5,3.0,1.0,10,1775,-0.00165686,0.3724,-0.040003
1.5,3.0,2.0,20,1536,-0.00203882,0.431,-0.040109
1.25,3.0,2.0,7,2323,-0.0017098,0.4632,-0.040501
1.25,1.5,1.5,15,2618,-0.00158612,0.4824,-0.040593
2.5,3.0,2.0,7,412,-0.001835,0.449,-0.040761
1.25,3.0,1.0,10,2516,-0.00164242,0.3875,-0.040965
2.0,3.0,2.5,15,759,-0.00222988,0.4493,-0.041308
1.5,3.0,1.0,15,1747,-0.00176965,0.3537,-0.041483
1.75,3.0,2.5,15,1053,-0.00219676,0.4425,-0.041494
1.25,3.0,2.0,20,2117,-0.00200637,0.4265,-0.041615
2.5,1.5,1.0,7,437,-0.00147715,0.4462,-0.041696
2.5,1.5,2.5,7,420,-0.00171818,0.5214,-0.041812
1.25,1.5,2.0,15,2468,-0.00170577,0.5036,-0.041838
2.5,2.5,1.5,15,425,-0.00188919,0.4094,-0.041849
1.25,3.0,1.0,7,2588,-0.00159032,0.4131,-0.041882
1.25,3.0,1.0,20,2449,-0.00176246,0.365,-0.042109
1.75,1.5,2.5,20,1190,-0.00192607,0.5345,-0.042406
1.25,2.5,1.0,10,2591,-0.00167299,0.3937,-0.042692
2.5,3.0,1.5,20,420,-0.00204451,0.3762,-0.042923
2.5,1.5,1.0,5,437,-0.00150173,0.4462,-0.042962
1.25,3.0,2.0,10,2234,-0.00194214,0.4423,-0.043192
1.5,3.0,2.5,15,1496,-0.00223462,0.4445,-0.043229
2.5,1.5,2.0,10,426,-0.00176052,0.5094,-0.043283
1.5,1.5,1.0,10,1969,-0.00154472,0.4342,-0.043296
2.5,1.5,1.5,15,436,-0.00171785,0.4839,-0.043542
1.25,2.5,1.0,20,2535,-0.00177143,0.3759,-0.043675
1.25,3.0,1.5,7,2427,-0.00177149,0.4475,-0.043899
1.5,3.0,2.0,15,1558,-0.00218694,0.4352,-0.043976
2.0,3.0,2.5,20,747,-0.0024608,0.4458,-0.044071
2.5,2.0,1.0,10,432,-0.00171572,0.412,-0.044243
1.25,2.5,1.0,7,2646,-0.00167559,0.4176,-0.044658
2.5,3.0,1.5,15,420,-0.00210135,0.3881,-0.044888
2.5,2.5,1.0,7,428,-0.00178419,0.4019,-0.045144
1.75,1.5,1.0,20,1332,-0.00169986,0.4219,-0.045679
2.5,3.0,1.5,10,421,-0.00207135,0.4062,-0.045857
2.0,1.5,2.5,15,840,-0.00208073,0.544,-0.046144
2.5,3.0,1.0,7,424,-0.00186623,0.3939,-0.046496
2.0,1.5,2.5,20,835,-0.00216759,0.5425,-0.046804
1.75,1.5,1.0,15,1332,-0.001742,0.4219,-0.046899
1.25,2.5,1.0,15,2544,-0.00189335,0.3774,-0.04699
1.5,3.0,2.0,10,1601,-0.00220304,0.4491,-0.047009
1.5,3.0,1.0,7,1815,-0.0018672,0.3939,-0.047383
1.25,2.5,2.0,20,2196,-0.0022095,0.4413,-0.047434
1.25,2.5,2.0,7,2372,-0.00196236,0.4696,-0.047528
1.25,2.0,1.0,10,2688,-0.00179723,0.4118,-0.048235
2.5,1.5,1.5,10,436,-0.00188911,0.4794,-0.048409
2.5,1.5,2.0,15,426,-0.00202407,0.5188,-0.048477
2.5,1.5,2.5,5,426,-0.00191563,0.5023,-0.048806
2.5,1.5,2.0,7,427,-0.00193438,0.5035,-0.048887
1.25,2.5,2.0,10,2296,-0.00215074,0.4503,-0.049189
1.25,3.0,1.0,15,2466,-0.00203848,0.3666,-0.049351
1.25,3.0,1.5,10,2350,-0.00211634,0.4234,-0.049398
1.25,2.0,1.0,20,2650,-0.00188309,0.4011,-0.049476
1.25,3.0,2.5,5,2402,-0.00195033,0.4667,-0.049597
2.5,2.5,1.5,10,425,-0.00218456,0.4235,-0.04975
1.25,3.0,1.5,20,2260,-0.00225163,0.4044,-0.049845
1.5,3.0,1.5,7,1730,-0.00211871,0.4399,-0.050525
1.75,2.5,2.5,20,1080,-0.00264463,0.4574,-0.051026
1.5,3.0,2.5,7,1619,-0.00229561,0.4676,-0.051051
1.75,1.5,2.5,15,1197,-0.00229325,0.528,-0.051335
1.25,2.0,1.0,7,2733,-0.0018501,0.4285,-0.05144
1.25,2.0,2.5,5,2489,-0.00193199,0.4793,-0.051572
2.5,3.0,1.0,5,426,-0.00197973,0.4178,-0.051594
1.25,1.5,1.0,5,2883,-0.0017289,0.4499,-0.051647
1.25,3.0,2.0,15,2153,-0.00244641,0.4255,-0.051683
1.5,1.5,1.0,7,1980,-0.00180447,0.4414,-0.051946
1.25,2.0,1.0,15,2655,-0.00197307,0.4026,-0.05214
2.5,2.5,2.0,10,415,-0.00237841,0.453,-0.052291
1.75,1.5,1.0,10,1335,-0.00193145,0.421,-0.052609
1.25,2.5,1.5,7,2475,-0.00208966,0.4513,-0.052656
1.5,1.5,1.5,20,1870,-0.00207847,0.4818,-0.052673
2.5,2.0,2.5,7,412,-0.00229974,0.483,-0.052752
1.25,2.5,1.5,20,2347,-0.00234028,0.4176,-0.053076
1.25,2.0,2.0,10,2378,-0.0022043,0.4689,-0.053324
1.5,1.5,1.5,7,1905,-0.00199289,0.4861,-0.053436
2.5,2.0,2.0,20,416,-0.00244143,0.4736,-0.053663
1.25,1.5,1.5,5,2742,-0.00190215,0.4814,-0.053666
1.5,1.5,2.5,20,1695,-0.00236012,0.5268,-0.053728
1.25,2.0,1.5,20,2454,-0.00224315,0.4446,-0.053753
1.5,3.0,1.5,20,1630,-0.00253955,0.3951,-0.054
1.25,2.0,2.0,20,2298,-0.00235414,0.4661,-0.054115
2.0,1.5,1.0,20,914,-0.0019862,0.4245,-0.0543
2.5,2.0,2.5,10,409,-0.00249858,0.4866,-0.054344
2.0,1.5,1.0,15,914,-0.00198744,0.4245,-0.054381
2.0,3.0,2.0,20,775,-0.00286439,0.4142,-0.054508
2.5,2.5,2.0,7,417,-0.0023722,0.4532,-0.05458
1.25,2.5,1.5,10,2417,-0.00230648,0.4303,-0.054931
1.5,1.5,1.5,10,1880,-0.00212654,0.4777,-0.05494
1.5,2.5,1.0,20,1799,-0.00226678,0.3602,-0.055062
1.25,2.0,1.5,10,2503,-0.00221513,0.4503,-0.055062
1.25,3.0,1.0,5,2674,-0.00200953,0.426,-0.055109
1.25,2.0,1.5,7,2559,-0.00210987,0.4639,-0.05517
2.0,2.5,2.5,20,769,-0.00292949,0.459,-0.055327
2.5,2.0,1.5,20,428,-0.00241177,0.4322,-0.055947
1.5,3.0,2.0,7,1664,-0.00247117,0.4591,-0.056063
1.5,1.5,1.5,15,1872,-0.00221615,0.4802,-0.056374
1.25,1.5,2.0,5,2643,-0.00205442,0.4896,-0.056412
1.25,2.0,2.0,7,2448,-0.00223817,0.48,-0.056925
1.5,2.5,1.0,10,1825,-0.00229565,0.3759,-0.057296
1.25,2.5,2.0,15,2217,-0.00263244,0.438,-0.05731
2.0,2.5,2.5,15,783,-0.00295994,0.4585,-0.057731
1.75,3.0,2.0,20,1078,-0.0030019,0.4137,-0.057803
1.25,2.5,2.5,5,2430,-0.00222366,0.4687,-0.057916
2.5,2.0,1.0,7,432,-0.00221254,0.4097,-0.057931
1.5,1.5,2.5,15,1706,-0.00254894,0.5223,-0.058409
1.5,2.5,2.5,20,1530,-0.00296293,0.4529,-0.058549
1.5,3.0,1.5,10,1679,-0.00260757,0.4127,-0.058838
1.25,3.0,1.5,15,2290,-0.00263603,0.4039,-0.059179
2.0,1.5,1.0,10,916,-0.00214327,0.4247,-0.059238
1.5,3.0,1.5,15,1647,-0.00274392,0.3983,-0.059344
1.5,1.5,1.0,5,2004,-0.00201546,0.4426,-0.059584
1.5,2.5,1.0,15,1802,-0.00244498,0.3613,-0.059992
1.25,2.5,1.0,5,2723,-0.00214487,0.4282,-0.060242
2.5,2.5,2.5,5,418,-0.00252026,0.4713,-0.06033
2.5,2.5,1.0,5,430,-0.00229459,0.4186,-0.060699
2.0,1.5,2.0,20,867,-0.00260044,0.5098,-0.060908
1.5,1.5,2.0,20,1776,-0.00255237,0.5135,-0.061011
1.25,2.0,2.0,15,2312,-0.0026351,0.4645,-0.06121
1.25,2.0,1.5,15,2463,-0.00253774,0.4421,-0.061347
1.5,1.5,2.5,10,1725,-0.0026029,0.5142,-0.061568
1.75,3.0,1.0,20,1195,-0.00274713,0.3297,-0.061663
2.5,1.5,2.0,5,430,-0.00237291,0.4907,-0.061692
1.75,3.0,2.0,15,1095,-0.00312225,0.4174,-0.061736
1.25,2.5,1.5,15,2361,-0.0027012,0.4138,-0.061855
1.5,1.5,1.5,5,1943,-0.00222924,0.4786,-0.061857
1.5,1.5,2.0,10,1796,-0.0025221,0.5056,-0.062344
2.5,2.0,2.0,15,416,-0.00283439,0.4736,-0.062825
1.5,2.5,1.0,7,1857,-0.00242349,0.3953,-0.062984
2.5,3.0,2.5,5,414,-0.00264227,0.4686,-0.06333
1.5,1.5,2.5,7,1768,-0.00254619,0.5113,-0.063389
1.25,3.0,1.5,5,2540,-0.00244138,0.4524,-0.063415
1.75,3.0,2.5,10,1092,-0.00315279,0.4432,-0.06369
1.75,1.5,2.0,20,1242,-0.00273693,0.5072,-0.063781
1.75,1.5,2.5,10,1212,-0.00277868,0.5124,-0.063907
1.5,1.5,2.0,15,1782,-0.00265775,0.5101,-0.063975
2.5,2.0,1.5,15,428,-0.00274967,0.4322,-0.064335
1.75,1.5,1.5,20,1293,-0.00261673,0.4679,-0.0646
1.5,3.0,1.0,5,1874,-0.00238322,0.4077,-0.064619
1.25,2.0,1.0,5,2792,-0.00223652,0.4345,-0.064786
2.5,2.0,2.0,7,419,-0.00274823,0.463,-0.065249
2.0,3.0,2.0,15,783,-0.00331967,0.4176,-0.06534
1.75,1.5,1.0,7,1339,-0.00234045,0.4279,-0.065358
1.75,2.0,2.5,20,1124,-0.00320837,0.4822,-0.065644
2.0,1.5,2.5,10,849,-0.00287895,0.5206,-0.065681
2.5,2.0,2.5,5,419,-0.00272577,0.4726,-0.065863
1.5,1.5,2.5,5,1826,-0.00249115,0.4907,-0.065873
1.75,3.0,1.0,15,1199,-0.00290439,0.3328,-0.066253
1.75,2.5,2.5,15,1095,-0.00335691,0.4493,-0.06628
2.0,1.5,1.5,20,898,-0.00269004,0.4699,-0.066676
1.5,1.5,2.0,7,1829,-0.00259705,0.5041,-0.066787
2.5,2.0,1.0,5,432,-0.00249878,0.419,-0.067014
1.25,3.0,2.0,5,2453,-0.00262926,0.4615,-0.067346
1.5,2.0,1.0,10,1889,-0.00257318,0.3933,-0.067741
1.5,2.5,2.5,15,1546,-0.003361,0.4489,-0.067979
2.5,1.5,1.5,5,436,-0.0025489,0.4656,-0.067998
1.5,2.0,1.0,20,1877,-0.00262582,0.3847,-0.068148
1.5,3.0,2.5,5,1718,-0.00276285,0.4598,-0.068331
1.75,1.5,2.0,15,1245,-0.00291186,0.5036,-0.068406
1.75,1.5,2.0,10,1254,-0.002856,0.496,-0.068863
2.5,1.5,1.5,7,436,-0.00262809,0.4725,-0.068873
1.5,2.5,2.5,10,1594,-0.0032298,0.4567,-0.069109
1.75,1.5,1.5,15,1295,-0.00279248,0.4656,-0.069293
1.5,2.0,1.0,7,1911,-0.00256216,0.4092,-0.069454
1.75,1.5,1.0,5,1349,-0.00244516,0.4322,-0.069483
2.0,1.5,2.0,15,868,-0.00292702,0.5104,-0.069516
1.5,2.0,1.0,15,1877,-0.00266748,0.3857,-0.069608
1.25,2.0,1.5,5,2646,-0.00254717,0.4633,-0.069657
1.25,2.5,1.5,5,2579,-0.00262656,0.4556,-0.069969
1.75,1.5,1.5,10,1298,-0.00277346,0.463,-0.070004
2.0,1.5,2.0,10,874,-0.00289154,0.5,-0.070573
1.5,3.0,1.5,5,1814,-0.00277902,0.4421,-0.070878
1.25,2.0,2.0,5,2552,-0.00266575,0.4726,-0.071254
1.5,2.5,2.5,7,1655,-0.00312549,0.4677,-0.071538
1.5,2.5,1.5,7,1773,-0.00293906,0.4382,-0.071746
2.0,3.0,1.0,20,839,-0.0032078,0.3266,-0.071952
2.5,3.0,2.0,5,417,-0.00296915,0.4604,-0.072218
2.5,2.5,1.5,7,425,-0.00304482,0.4235,-0.072465
1.5,1.5,2.0,5,1874,-0.00269446,0.4888,-0.072477
2.5,3.0,1.5,7,421,-0.00309779,0.4157,-0.072727
2.0,3.0,2.5,10,783,-0.00368043,0.4457,-0.072848
2.0,1.5,1.5,15,898,-0.00292898,0.4699,-0.073368
1.75,3.0,2.0,10,1124,-0.00351635,0.4262,-0.073448
2.0,3.0,1.0,15,842,-0.00322199,0.3302,-0.073632
1.75,3.0,1.0,10,1214,-0.00311929,0.3501,-0.073931
1.25,2.5,2.0,5,2489,-0.00283289,0.464,-0.074021
2.0,2.5,2.0,20,800,-0.0036855,0.4263,-0.07501
1.5,2.0,2.5,20,1599,-0.00353806,0.4778,-0.075317
2.0,1.5,1.0,7,917,-0.00266739,0.4308,-0.07533
2.0,2.0,2.5,20,797,-0.00375677,0.4843,-0.075623
2.5,2.0,1.5,10,428,-0.00316094,0.4369,-0.075875
2.0,1.5,1.5,10,900,-0.00298336,0.4678,-0.075925
1.5,3.0,2.0,5,1755,-0.00303531,0.457,-0.076111
1.75,1.5,1.5,7,1308,-0.00294795,0.4671,-0.077126
2.0,1.5,2.0,7,883,-0.00305498,0.5006,-0.077196
1.5,2.5,1.5,20,1700,-0.00347083,0.4024,-0.077243
2.5,3.0,1.5,5,424,-0.00314689,0.4316,-0.077415
1.5,2.5,1.0,5,1906,-0.0027977,0.4119,-0.077579
2.5,2.0,2.0,10,417,-0.00335778,0.4652,-0.077627
1.75,2.0,2.5,15,1132,-0.00372004,0.4761,-0.077875
2.0,2.0,2.5,15,803,-0.00377543,0.4857,-0.078145
1.5,2.5,2.0,20,1604,-0.00372377,0.4389,-0.078304
1.75,1.5,2.5,7,1236,-0.00324019,0.5065,-0.078438
1.75,2.5,1.0,20,1233,-0.00333859,0.3398,-0.078459
1.75,1.5,2.5,5,1261,-0.00308219,0.4845,-0.078489
1.75,1.5,1.5,5,1321,-0.00294256,0.464,-0.078763
2.0,1.5,2.5,7,861,-0.00326165,0.5215,-0.078769
1.5,2.0,2.5,15,1611,-0.00365493,0.4767,-0.078944
1.75,2.5,1.0,15,1235,-0.00335039,0.3417,-0.079201
1.75,1.5,2.0,7,1272,-0.00317697,0.4929,-0.079439
1.5,2.5,1.5,10,1734,-0.00343458,0.4129,-0.079562
2.0,2.5,1.0,20,859,-0.00334765,0.3388,-0.079597
2.0,2.5,1.0,15,862,-0.00334368,0.3387,-0.07988
2.5,2.5,2.0,5,422,-0.00329521,0.4573,-0.080215
1.5,2.0,1.0,5,1947,-0.00284978,0.4181,-0.080433
1.5,2.0,1.5,7,1826,-0.00317832,0.4502,-0.080604
2.0,3.0,1.5,20,815,-0.0039325,0.3669,-0.080649
2.0,3.0,2.0,10,804,-0.00387171,0.4254,-0.080949
1.5,2.0,2.5,10,1647,-0.00363471,0.473,-0.081679
1.5,2.0,2.5,7,1699,-0.00343229,0.4803,-0.081735
2.0,3.0,1.0,10,852,-0.00343,0.3545,-0.081797
1.5,2.5,2.0,15,1614,-0.00384975,0.4387,-0.082145
1.5,2.5,2.0,10,1654,-0.00367508,0.4468,-0.082157
1.5,2.0,2.5,5,1775,-0.00324362,0.4687,-0.082356
2.5,2.0,1.5,7,428,-0.00336697,0.4322,-0.082487
2.0,1.5,1.0,5,921,-0.00287248,0.4267,-0.08254
1.5,2.5,1.5,15,1706,-0.00366772,0.4027,-0.08262
1.75,3.0,2.5,5,1179,-0.0034656,0.4487,-0.083407
2.0,2.5,2.5,10,803,-0.00408637,0.4533,-0.083822
1.75,1.5,2.0,5,1288,-0.00325544,0.4783,-0.08401
1.75,2.5,2.5,10,1127,-0.00403925,0.4463,-0.084166
2.0,2.5,2.0,15,808,-0.00404915,0.4257,-0.084269
2.0,1.5,1.5,7,903,-0.00320679,0.4718,-0.084274
2.0,2.5,1.0,10,870,-0.00343522,0.3609,-0.084305
1.75,3.0,1.5,20,1139,-0.00406531,0.367,-0.084431
1.5,2.5,2.0,7,1704,-0.00357015,0.4589,-0.084432
1.75,3.0,1.0,5,1260,-0.00320684,0.396,-0.08447
1.75,3.0,2.5,7,1132,-0.00386863,0.4496,-0.084646
1.75,2.5,1.0,10,1247,-0.00348985,0.3553,-0.084667
1.75,3.0,1.0,7,1235,-0.00338223,0.3741,-0.084683
1.75,2.5,2.0,20,1128,-0.00415528,0.4264,-0.084815
2.5,2.0,2.0,5,423,-0.00346288,0.4586,-0.085199
1.5,2.5,2.5,5,1739,-0.00342314,0.46,-0.085892
2.0,1.5,2.5,5,876,-0.00335372,0.4806,-0.085978
2.0,3.0,1.5,15,821,-0.00410913,0.3715,-0.086755
2.5,2.5,1.5,5,428,-0.00349327,0.4322,-0.087097
1.5,2.0,1.5,5,1882,-0.00332062,0.4511,-0.087979
1.5,2.5,1.5,5,1843,-0.00337927,0.4438,-0.088155
1.75,2.0,1.0,20,1278,-0.0035392,0.3654,-0.088226
1.75,2.0,1.0,15,1278,-0.00354637,0.3662,-0.088647
2.0,2.5,1.5,20,834,-0.00411499,0.3813,-0.088945
1.75,3.0,1.5,15,1151,-0.00421282,0.3701,-0.089406
1.5,2.0,2.0,20,1678,-0.00401583,0.4631,-0.08946
1.5,2.0,1.5,10,1792,-0.00369315,0.4297,-0.089667
1.5,2.0,2.0,15,1684,-0.00398538,0.465,-0.089732
1.5,2.0,1.5,20,1773,-0.00380888,0.4264,-0.090075
1.75,3.0,2.0,7,1162,-0.00405529,0.4372,-0.090514
2.0,2.0,2.0,20,833,-0.00419363,0.4514,-0.090715
1.75,2.5,2.0,15,1140,-0.00436449,0.4237,-0.090867
2.5,2.0,1.5,5,429,-0.00360739,0.4336,-0.090893
1.5,2.0,2.0,7,1753,-0.00372568,0.4706,-0.091125
2.0,2.0,1.0,15,889,-0.00359679,0.3678,-0.091158
1.5,2.0,1.5,15,1776,-0.00382695,0.4285,-0.091206
1.5,2.0,2.0,10,1710,-0.00392711,0.4614,-0.091551
2.0,2.0,1.0,20,889,-0.00362028,0.369,-0.091612
1.75,2.5,1.0,7,1261,-0.003635,0.3759,-0.091728
2.0,3.0,2.5,7,802,-0.00426543,0.4651,-0.092071
1.75,2.0,2.5,10,1157,-0.00422933,0.4633,-0.092413
2.0,1.5,1.5,5,910,-0.00343282,0.4549,-0.092479
1.5,2.0,2.0,5,1816,-0.00359794,0.4659,-0.092773
1.75,3.0,2.0,5,1201,-0.00385905,0.4405,-0.093988
1.75,2.5,1.0,5,1282,-0.00356004,0.3978,-0.094522
2.0,2.5,1.5,15,840,-0.00429993,0.3821,-0.094629
2.0,3.0,2.0,7,820,-0.00423324,0.4451,-0.094708
1.75,2.0,2.0,20,1174,-0.00441782,0.4514,-0.095073
1.75,3.0,1.5,5,1235,-0.00382536,0.4235,-0.095078
1.75,2.5,2.5,5,1201,-0.00395647,0.4488,-0.095254
1.5,2.5,2.0,5,1779,-0.00374214,0.4581,-0.095587
1.75,2.0,1.0,10,1283,-0.00374705,0.3702,-0.095678
1.75,3.0,1.5,10,1167,-0.00432534,0.3856,-0.095815
1.75,2.5,1.5,20,1181,-0.00446564,0.3802,-0.096549
2.0,3.0,1.5,10,831,-0.00436569,0.3911,-0.096741
1.75,2.5,2.5,7,1158,-0.0043781,0.4516,-0.09715
2.0,2.5,2.0,10,824,-0.00444819,0.4333,-0.09717
2.0,2.5,2.5,7,816,-0.004426,0.4694,-0.097464
2.0,1.5,2.0,5,893,-0.0037449,0.4692,-0.097701
1.75,2.5,2.0,10,1162,-0.0045344,0.4294,-0.098506
2.0,2.0,2.0,15,834,-0.00451857,0.4532,-0.099122
2.0,2.0,2.5,10,819,-0.0046226,0.4676,-0.09951
1.75,2.0,2.0,15,1180,-0.00458842,0.4508,-0.099812
1.75,2.0,1.0,5,1309,-0.00373387,0.4003,-0.10067
1.75,3.0,1.5,7,1197,-0.0042692,0.4077,-0.100761
1.75,2.5,1.5,15,1189,-0.00459801,0.3802,-0.100896
1.75,2.0,2.5,5,1221,-0.00414902,0.4537,-0.101073
1.75,2.0,1.0,7,1294,-0.00387985,0.3849,-0.101835
2.0,2.5,1.5,10,848,-0.00447354,0.3998,-0.101966
2.0,2.0,1.5,20,867,-0.00445845,0.4095,-0.102384
2.0,2.0,1.0,10,891,-0.0039441,0.376,-0.102552
2.0,3.0,1.0,7,860,-0.00407277,0.3767,-0.10288
2.0,2.5,1.0,7,876,-0.00407231,0.3779,-0.104317
1.75,2.5,1.5,10,1203,-0.0046148,0.3915,-0.104574
1.75,2.0,2.0,10,1196,-0.00466082,0.4448,-0.105532
1.75,2.5,2.0,5,1224,-0.00433625,0.4412,-0.10559
1.75,2.0,1.5,20,1230,-0.00468521,0.4049,-0.107084
1.75,2.5,2.0,7,1190,-0.00468952,0.4387,-0.107215
1.75,2.0,2.5,7,1185,-0.00464545,0.465,-0.10723
2.0,2.5,2.0,7,835,-0.00466622,0.4479,-0.107714
1.75,2.5,1.5,7,1225,-0.00452689,0.4106,-0.107733
2.0,2.0,2.5,7,833,-0.00472604,0.479,-0.108174
2.0,2.0,1.5,15,867,-0.00466198,0.4106,-0.108217
1.75,2.0,2.0,5,1246,-0.00443108,0.4462,-0.109043
1.75,2.5,1.5,5,1257,-0.0043697,0.4232,-0.109485
1.75,2.0,1.5,15,1234,-0.00476973,0.4068,-0.10985
2.0,2.0,1.0,7,895,-0.0041635,0.3877,-0.110788
2.0,2.0,2.0,10,843,-0.00486112,0.446,-0.111395
2.0,3.0,1.5,7,842,-0.00470608,0.4133,-0.111397
2.0,3.0,2.5,5,830,-0.00460095,0.4398,-0.112056
1.75,2.0,1.5,5,1279,-0.00443158,0.4277,-0.112648
2.0,2.0,2.5,5,853,-0.00460447,0.4443,-0.113004
1.75,2.0,2.0,7,1221,-0.00480469,0.4505,-0.113584
2.0,2.5,2.5,5,843,-0.00465308,0.4401,-0.113658
1.75,2.0,1.5,10,1241,-0.00481038,0.4069,-0.114043
2.0,2.0,2.0,7,854,-0.00477512,0.4555,-0.114143
2.0,2.5,1.5,7,856,-0.00477818,0.4159,-0.114623
2.0,3.0,1.0,5,875,-0.0043228,0.3886,-0.115447
1.75,2.0,1.5,7,1258,-0.00476296,0.4205,-0.117681
2.0,2.0,1.0,5,902,-0.00431303,0.3925,-0.118181
2.0,2.0,1.5,10,870,-0.00501446,0.4126,-0.120263
2.0,2.5,1.0,5,888,-0.00451909,0.3874,-0.122484
2.0,3.0,2.0,5,845,-0.00497979,0.4308,-0.122949
2.0,3.0,1.5,5,864,-0.00492845,0.4132,-0.123895
2.0,2.0,1.5,7,876,-0.0049827,0.4235,-0.123952
2.0,2.0,2.0,5,869,-0.00507876,0.4327,-0.126632
2.0,2.0,1.5,5,888,-0.00500642,0.4167,-0.128722
2.0,2.5,2.0,5,858,-0.00528739,0.4277,-0.130965
2.0,2.5,1.5,5,876,-0.00523413,0.411,-0.133315
