"Date","Price","Open","High","Low","Vol.","Change %"
"03/21/2025","0.8831","0.8815","0.8841","0.8796","","0.14%"
"03/20/2025","0.8819","0.8777","0.8844","0.8755","","0.54%"
"03/19/2025","0.8772","0.8794","0.8811","0.8762","","0.09%"
"03/18/2025","0.8764","0.8812","0.8820","0.8758","","-0.50%"
"03/17/2025","0.8808","0.8853","0.8859","0.8797","","-0.49%"
"03/14/2025","0.8851","0.8825","0.8865","0.8816","","0.36%"
"03/13/2025","0.8819","0.8822","0.8856","0.8803","","0.01%"
"03/12/2025","0.8818","0.8823","0.8854","0.8803","","-0.08%"
"03/11/2025","0.8825","0.8810","0.8837","0.8772","","0.19%"
"03/10/2025","0.8808","0.8799","0.8823","0.8758","","0.15%"
"03/07/2025","0.8795","0.8842","0.8845","0.8767","","-0.44%"
"03/06/2025","0.8834","0.8911","0.8927","0.8825","","-0.81%"
"03/05/2025","0.8906","0.8893","0.8916","0.8856","","0.11%"
"03/04/2025","0.8896","0.8970","0.8975","0.8871","","-0.79%"
"03/03/2025","0.8967","0.9018","0.9035","0.8960","","-0.72%"
"02/28/2025","0.9032","0.8997","0.9039","0.8982","","0.42%"
"02/27/2025","0.8994","0.8948","0.9007","0.8938","","0.53%"
"02/26/2025","0.8947","0.8928","0.8966","0.8916","","0.20%"
"02/25/2025","0.8929","0.8970","0.8980","0.8912","","-0.43%"
"02/24/2025","0.8968","0.8980","0.9000","0.8953","","-0.10%"
"02/21/2025","0.8977","0.8980","0.9006","0.8967","","0.01%"
"02/20/2025","0.8976","0.9046","0.9049","0.8975","","-0.74%"
"02/19/2025","0.9043","0.9033","0.9056","0.9023","","0.14%"
"02/18/2025","0.9030","0.9010","0.9043","0.8995","","0.26%"
"02/17/2025","0.9007","0.8991","0.9020","0.8979","","0.18%"
"02/14/2025","0.8991","0.9030","0.9051","0.8971","","-0.43%"
"02/13/2025","0.9030","0.9134","0.9142","0.9028","","-1.16%"
"02/12/2025","0.9136","0.9133","0.9157","0.9102","","0.08%"
"02/11/2025","0.9129","0.9113","0.9142","0.9107","","0.21%"
"02/10/2025","0.9110","0.9093","0.9124","0.9090","","0.18%"
"02/07/2025","0.9094","0.9047","0.9108","0.9044","","0.51%"
"02/06/2025","0.9048","0.9016","0.9063","0.9007","","0.34%"
"02/05/2025","0.9017","0.9052","0.9062","0.9001","","-0.39%"
"02/04/2025","0.9052","0.9122","0.9134","0.9044","","-0.54%"
"02/03/2025","0.9101","0.9115","0.9198","0.9093","","-0.07%"
"01/31/2025","0.9107","0.9093","0.9117","0.9072","","0.15%"
"01/30/2025","0.9093","0.9069","0.9105","0.9058","","0.31%"
"01/29/2025","0.9065","0.9043","0.9096","0.9031","","0.30%"
"01/28/2025","0.9038","0.9020","0.9072","0.9015","","0.21%"
"01/27/2025","0.9019","0.9060","0.9075","0.8964","","-0.42%"
"01/24/2025","0.9057","0.9078","0.9079","0.9027","","-0.14%"
"01/23/2025","0.9070","0.9070","0.9110","0.9056","","0.06%"
"01/22/2025","0.9065","0.9056","0.9077","0.9032","","0.08%"
"01/21/2025","0.9058","0.9069","0.9116","0.9051","","-0.04%"
"01/20/2025","0.9062","0.9140","0.9154","0.9055","","-0.95%"
"01/17/2025","0.9149","0.9111","0.9155","0.9096","","0.48%"
"01/16/2025","0.9105","0.9127","0.9138","0.9100","","-0.23%"
"01/15/2025","0.9126","0.9128","0.9147","0.9083","","0.07%"
"01/14/2025","0.9120","0.9166","0.9175","0.9121","","-0.49%"
"01/13/2025","0.9165","0.9166","0.9202","0.9154","","0.01%"
"01/10/2025","0.9164","0.9119","0.9190","0.9115","","0.49%"
"01/09/2025","0.9119","0.9107","0.9132","0.9098","","0.12%"
"01/08/2025","0.9108","0.9093","0.9130","0.9087","","0.18%"
"01/07/2025","0.9092","0.9047","0.9100","0.9021","","0.51%"
"01/06/2025","0.9046","0.9094","0.9106","0.9007","","-0.40%"
"01/03/2025","0.9082","0.9125","0.9126","0.9079","","-0.44%"
"01/02/2025","0.9122","0.9064","0.9139","0.9039","","0.56%"
"01/01/2025","0.9071","0.9074","0.9074","0.9071","","-0.01%"
"12/31/2024","0.9072","0.9039","0.9082","0.9022","","0.39%"
"12/30/2024","0.9037","0.9014","0.9075","0.9007","","0.22%"
"12/27/2024","0.9017","0.8986","0.9028","0.8985","","0.33%"
"12/26/2024","0.8987","0.8995","0.9011","0.8984","","-0.02%"
"12/25/2024","0.8989","0.9003","0.9008","0.8990","","-0.16%"
"12/24/2024","0.9003","0.8986","0.9014","0.8981","","0.20%"
"12/23/2024","0.8985","0.8924","0.9003","0.8917","","0.62%"
"12/20/2024","0.8930","0.8985","0.8992","0.8913","","-0.62%"
"12/19/2024","0.8986","0.9010","0.9022","0.8950","","-0.23%"
"12/18/2024","0.9007","0.8929","0.9022","0.8917","","0.91%"
"12/17/2024","0.8926","0.8939","0.8976","0.8914","","-0.16%"
"12/16/2024","0.8940","0.8932","0.8949","0.8898","","0.16%"
"12/13/2024","0.8926","0.8917","0.8946","0.8914","","0.07%"
"12/12/2024","0.8920","0.8845","0.8929","0.8816","","0.88%"
"12/11/2024","0.8842","0.8824","0.8856","0.8810","","0.19%"
"12/10/2024","0.8825","0.8789","0.8834","0.8770","","0.44%"
"12/09/2024","0.8786","0.8790","0.8805","0.8758","","0.02%"
"12/06/2024","0.8784","0.8789","0.8798","0.8735","","-0.01%"
"12/05/2024","0.8785","0.8840","0.8853","0.8778","","-0.63%"
"12/04/2024","0.8841","0.8860","0.8881","0.8826","","-0.25%"
"12/03/2024","0.8863","0.8868","0.8889","0.8830","","-0.05%"
"12/02/2024","0.8867","0.8808","0.8891","0.8802","","0.66%"
"11/29/2024","0.8809","0.8828","0.8834","0.8795","","-0.22%"
"11/28/2024","0.8828","0.8816","0.8849","0.8813","","0.12%"
"11/27/2024","0.8817","0.8870","0.8870","0.8797","","-0.51%"
"11/26/2024","0.8862","0.8866","0.8895","0.8841","","0.03%"
"11/25/2024","0.8859","0.8920","0.8930","0.8848","","-0.87%"
"11/22/2024","0.8937","0.8864","0.8959","0.8851","","0.81%"
"11/21/2024","0.8865","0.8845","0.8871","0.8820","","0.29%"
"11/20/2024","0.8839","0.8824","0.8863","0.8816","","0.19%"
"11/19/2024","0.8822","0.8831","0.8845","0.8801","","-0.09%"
"11/18/2024","0.8830","0.8882","0.8889","0.8828","","-0.56%"
"11/15/2024","0.8880","0.8900","0.8909","0.8858","","-0.24%"
"11/14/2024","0.8901","0.8856","0.8918","0.8853","","0.47%"
"11/13/2024","0.8859","0.8818","0.8866","0.8798","","0.50%"
"11/12/2024","0.8815","0.8809","0.8838","0.8802","","0.11%"
"11/11/2024","0.8805","0.8762","0.8813","0.8752","","0.59%"
"11/08/2024","0.8753","0.8729","0.8770","0.8701","","0.32%"
"11/07/2024","0.8725","0.8762","0.8776","0.8709","","-0.43%"
"11/06/2024","0.8763","0.8634","0.8774","0.8619","","1.55%"
"11/05/2024","0.8629","0.8640","0.8650","0.8615","","-0.13%"
"11/04/2024","0.8640","0.8676","0.8683","0.8615","","-0.68%"
"11/01/2024","0.8699","0.8633","0.8715","0.8631","","0.73%"
"10/31/2024","0.8636","0.8669","0.8672","0.8632","","-0.35%"
"10/30/2024","0.8666","0.8676","0.8694","0.8653","","-0.05%"
"10/29/2024","0.8670","0.8655","0.8699","0.8643","","0.21%"
"10/28/2024","0.8652","0.8668","0.8701","0.8646","","-0.15%"
"10/25/2024","0.8665","0.8658","0.8676","0.8650","","0.10%"
"10/24/2024","0.8656","0.8664","0.8673","0.8650","","-0.08%"
"10/23/2024","0.8663","0.8654","0.8687","0.8650","","0.12%"
"10/22/2024","0.8653","0.8662","0.8666","0.8644","","-0.09%"
"10/21/2024","0.8661","0.8654","0.8665","0.8633","","0.16%"
"10/18/2024","0.8647","0.8661","0.8670","0.8644","","-0.12%"
"10/17/2024","0.8657","0.8655","0.8670","0.8629","","0.03%"
"10/16/2024","0.8654","0.8619","0.8659","0.8613","","0.44%"
"10/15/2024","0.8616","0.8627","0.8640","0.8605","","-0.10%"
"10/14/2024","0.8625","0.8574","0.8643","0.8568","","0.64%"
"10/11/2024","0.8570","0.8566","0.8586","0.8558","","0.11%"
"10/10/2024","0.8561","0.8605","0.8613","0.8559","","-0.51%"
"10/09/2024","0.8605","0.8572","0.8614","0.8565","","0.43%"
"10/08/2024","0.8568","0.8545","0.8586","0.8529","","0.26%"
"10/07/2024","0.8546","0.8583","0.8601","0.8533","","-0.40%"
"10/04/2024","0.8580","0.8533","0.8608","0.8499","","0.60%"
"10/03/2024","0.8529","0.8497","0.8543","0.8492","","0.38%"
"10/02/2024","0.8497","0.8466","0.8508","0.8447","","0.38%"
"10/01/2024","0.8465","0.8456","0.8483","0.8431","","0.12%"
"09/30/2024","0.8455","0.8416","0.8475","0.8401","","0.59%"
"09/27/2024","0.8405","0.8462","0.8494","0.8401","","-0.66%"
"09/26/2024","0.8461","0.8507","0.8518","0.8452","","-0.51%"
"09/25/2024","0.8504","0.8433","0.8508","0.8414","","0.84%"
"09/24/2024","0.8433","0.8475","0.8492","0.8429","","-0.50%"
"09/23/2024","0.8475","0.8500","0.8519","0.8456","","-0.31%"
"09/20/2024","0.8501","0.8478","0.8518","0.8450","","0.28%"
"09/19/2024","0.8477","0.8464","0.8515","0.8449","","0.18%"
"09/18/2024","0.8462","0.8472","0.8480","0.8390","","-0.11%"
"09/17/2024","0.8471","0.8446","0.8478","0.8429","","0.28%"
"09/16/2024","0.8447","0.8480","0.8492","0.8433","","-0.49%"
"09/13/2024","0.8489","0.8511","0.8518","0.8443","","-0.25%"
"09/12/2024","0.8510","0.8523","0.8551","0.8505","","-0.12%"
"09/11/2024","0.8520","0.8470","0.8531","0.8421","","0.60%"
"09/10/2024","0.8469","0.8496","0.8500","0.8456","","-0.28%"
"09/09/2024","0.8493","0.8440","0.8496","0.8424","","0.77%"
"09/06/2024","0.8428","0.8440","0.8476","0.8375","","-0.14%"
"09/05/2024","0.8440","0.8465","0.8492","0.8433","","-0.28%"
"09/04/2024","0.8464","0.8504","0.8519","0.8462","","-0.46%"
"09/03/2024","0.8503","0.8515","0.8539","0.8478","","-0.14%"
"09/02/2024","0.8515","0.8499","0.8539","0.8484","","0.20%"
"08/30/2024","0.8498","0.8468","0.8511","0.8467","","0.31%"
"08/29/2024","0.8472","0.8423","0.8494","0.8400","","0.59%"
"08/28/2024","0.8422","0.8416","0.8454","0.8408","","0.08%"
"08/27/2024","0.8415","0.8468","0.8487","0.8408","","-0.67%"
"08/26/2024","0.8472","0.8480","0.8488","0.8456","","-0.08%"
"08/23/2024","0.8479","0.8522","0.8543","0.8470","","-0.48%"
"08/22/2024","0.8520","0.8517","0.8536","0.8489","","0.04%"
"08/21/2024","0.8517","0.8536","0.8562","0.8494","","-0.27%"
"08/20/2024","0.8540","0.8628","0.8636","0.8539","","-1.01%"
"08/19/2024","0.8627","0.8665","0.8679","0.8615","","-0.38%"
"08/16/2024","0.8660","0.8726","0.8733","0.8659","","-0.76%"
"08/15/2024","0.8726","0.8651","0.8749","0.8646","","0.87%"
"08/14/2024","0.8651","0.8648","0.8662","0.8619","","0.05%"
"08/13/2024","0.8647","0.8652","0.8681","0.8636","","-0.05%"
"08/12/2024","0.8651","0.8645","0.8712","0.8638","","-0.01%"
"08/09/2024","0.8652","0.8667","0.8673","0.8631","","-0.14%"
"08/08/2024","0.8664","0.8617","0.8676","0.8558","","0.56%"
"08/07/2024","0.8616","0.8512","0.8663","0.8510","","1.21%"
"08/06/2024","0.8513","0.8519","0.8573","0.8500","","-0.12%"
"08/05/2024","0.8523","0.8595","0.8600","0.8432","","-0.61%"
"08/02/2024","0.8575","0.8734","0.8738","0.8572","","-1.75%"
"08/01/2024","0.8728","0.8781","0.8788","0.8725","","-0.58%"
"07/31/2024","0.8779","0.8826","0.8834","0.8770","","-0.52%"
"07/30/2024","0.8825","0.8862","0.8877","0.8825","","-0.38%"
"07/29/2024","0.8859","0.8839","0.8873","0.8820","","0.26%"
"07/26/2024","0.8836","0.8817","0.8845","0.8802","","0.24%"
"07/25/2024","0.8815","0.8851","0.8858","0.8776","","-0.41%"
"07/24/2024","0.8851","0.8913","0.8923","0.8828","","-0.66%"
"07/23/2024","0.8910","0.8898","0.8925","0.8888","","0.17%"
"07/22/2024","0.8895","0.8891","0.8903","0.8870","","0.06%"
"07/19/2024","0.8890","0.8873","0.8900","0.8857","","0.17%"
"07/18/2024","0.8875","0.8839","0.8880","0.8819","","0.49%"
"07/17/2024","0.8832","0.8941","0.8947","0.8827","","-1.14%"
"07/16/2024","0.8934","0.8958","0.8979","0.8934","","-0.25%"
"07/15/2024","0.8956","0.8943","0.8973","0.8934","","0.18%"
"07/12/2024","0.8940","0.8965","0.8971","0.8932","","-0.26%"
"07/11/2024","0.8963","0.8997","0.8999","0.8914","","-0.34%"
"07/10/2024","0.8994","0.8978","0.9002","0.8964","","0.19%"
"07/09/2024","0.8977","0.8977","0.8992","0.8968","","0.02%"
"07/08/2024","0.8975","0.8956","0.8979","0.8942","","0.17%"
"07/05/2024","0.8960","0.9001","0.9006","0.8953","","-0.46%"
"07/04/2024","0.9001","0.9011","0.9040","0.8990","","-0.14%"
"07/03/2024","0.9014","0.9035","0.9051","0.8985","","-0.25%"
"07/02/2024","0.9037","0.9028","0.9051","0.9025","","0.10%"
"07/01/2024","0.9028","0.8983","0.9046","0.8978","","0.46%"
"06/28/2024","0.8987","0.8987","0.9010","0.8978","","0.02%"
"06/27/2024","0.8985","0.8971","0.8990","0.8957","","0.14%"
"06/26/2024","0.8972","0.8947","0.8985","0.8943","","0.29%"
"06/25/2024","0.8946","0.8931","0.8953","0.8913","","0.21%"
"06/24/2024","0.8927","0.8942","0.8946","0.8921","","-0.11%"
"06/21/2024","0.8937","0.8916","0.8946","0.8905","","0.29%"
"06/20/2024","0.8911","0.8846","0.8927","0.8831","","0.78%"
"06/19/2024","0.8842","0.8846","0.8856","0.8832","","0.01%"
"06/18/2024","0.8841","0.8895","0.8903","0.8826","","-0.58%"
"06/17/2024","0.8893","0.8899","0.8934","0.8894","","-0.09%"
"06/14/2024","0.8901","0.8937","0.8949","0.8893","","-0.40%"
"06/13/2024","0.8937","0.8943","0.8968","0.8931","","-0.04%"
"06/12/2024","0.8941","0.8973","0.8985","0.8893","","-0.37%"
"06/11/2024","0.8974","0.8965","0.8995","0.8957","","0.12%"
"06/10/2024","0.8963","0.8964","0.8984","0.8953","","0.04%"
"06/07/2024","0.8959","0.8896","0.8974","0.8881","","0.76%"
"06/06/2024","0.8891","0.8938","0.8942","0.8892","","-0.47%"
"06/05/2024","0.8933","0.8902","0.8949","0.8895","","0.40%"
"06/04/2024","0.8897","0.8954","0.8973","0.8884","","-0.65%"
"06/03/2024","0.8955","0.9032","0.9036","0.8950","","-0.71%"
"05/31/2024","0.9019","0.9033","0.9071","0.9002","","-0.14%"
"05/30/2024","0.9032","0.9132","0.9143","0.9031","","-1.11%"
"05/29/2024","0.9133","0.9121","0.9144","0.9111","","0.10%"
"05/28/2024","0.9124","0.9138","0.9145","0.9085","","-0.14%"
"05/27/2024","0.9137","0.9144","0.9154","0.9131","","-0.12%"
"05/24/2024","0.9148","0.9145","0.9161","0.9133","","0.05%"
"05/23/2024","0.9143","0.9156","0.9158","0.9125","","-0.14%"
"05/22/2024","0.9156","0.9111","0.9160","0.9105","","0.49%"
"05/21/2024","0.9111","0.9106","0.9118","0.9086","","0.08%"
"05/20/2024","0.9104","0.9096","0.9110","0.9079","","0.17%"
"05/17/2024","0.9089","0.9061","0.9100","0.9054","","0.32%"
"05/16/2024","0.9060","0.9022","0.9064","0.8988","","0.44%"
"05/15/2024","0.9020","0.9067","0.9071","0.9014","","-0.49%"
"05/14/2024","0.9064","0.9082","0.9103","0.9054","","-0.19%"
"05/13/2024","0.9081","0.9064","0.9089","0.9044","","0.20%"
"05/10/2024","0.9063","0.9060","0.9086","0.9054","","0.06%"
"05/09/2024","0.9058","0.9079","0.9100","0.9054","","-0.21%"
"05/08/2024","0.9077","0.9084","0.9097","0.9072","","-0.06%"
"05/07/2024","0.9082","0.9060","0.9095","0.9056","","0.23%"
"05/06/2024","0.9061","0.9058","0.9068","0.9035","","0.08%"
"05/03/2024","0.9054","0.9103","0.9109","0.9007","","-0.56%"
"05/02/2024","0.9105","0.9160","0.9175","0.9097","","-0.54%"
"05/01/2024","0.9154","0.9194","0.9226","0.9145","","-0.42%"
"04/30/2024","0.9193","0.9106","0.9197","0.9100","","0.99%"
"04/29/2024","0.9103","0.9137","0.9152","0.9087","","-0.42%"
"04/26/2024","0.9141","0.9120","0.9151","0.9096","","0.23%"
"04/25/2024","0.9120","0.9151","0.9158","0.9116","","-0.32%"
"04/24/2024","0.9149","0.9119","0.9154","0.9112","","0.35%"
"04/23/2024","0.9117","0.9117","0.9131","0.9086","","-0.01%"
"04/22/2024","0.9118","0.9107","0.9125","0.9095","","0.20%"
"04/19/2024","0.9100","0.9121","0.9133","0.9011","","-0.23%"
"04/18/2024","0.9121","0.9108","0.9126","0.9081","","0.16%"
"04/17/2024","0.9106","0.9129","0.9134","0.9093","","-0.23%"
"04/16/2024","0.9127","0.9117","0.9143","0.9111","","0.14%"
"04/15/2024","0.9114","0.9122","0.9153","0.9113","","-0.28%"
"04/12/2024","0.9140","0.9100","0.9148","0.9093","","0.46%"
"04/11/2024","0.9098","0.9129","0.9147","0.9074","","-0.35%"
"04/10/2024","0.9130","0.9037","0.9148","0.9025","","1.05%"
"04/09/2024","0.9035","0.9057","0.9060","0.9011","","-0.21%"
"04/08/2024","0.9054","0.9019","0.9067","0.9008","","0.44%"
"04/05/2024","0.9014","0.9013","0.9072","0.8997","","0.01%"
"04/04/2024","0.9013","0.9031","0.9076","0.9008","","-0.18%"
"04/03/2024","0.9029","0.9082","0.9097","0.9027","","-0.54%"
"04/02/2024","0.9078","0.9043","0.9092","0.9039","","0.41%"
"04/01/2024","0.9041","0.9024","0.9058","0.9004","","0.28%"
"03/29/2024","0.9016","0.9013","0.9031","0.9006","","0.00%"
"03/28/2024","0.9016","0.9037","0.9066","0.8999","","-0.23%"
"03/27/2024","0.9037","0.9040","0.9073","0.9032","","-0.01%"
"03/26/2024","0.9038","0.8993","0.9045","0.8988","","0.51%"
"03/25/2024","0.8992","0.8977","0.8997","0.8967","","0.18%"
"03/22/2024","0.8976","0.8977","0.9021","0.8964","","0.01%"
"03/21/2024","0.8975","0.8870","0.8995","0.8838","","1.21%"
"03/20/2024","0.8868","0.8877","0.8920","0.8859","","-0.12%"
"03/19/2024","0.8879","0.8876","0.8900","0.8867","","0.02%"
"03/18/2024","0.8877","0.8832","0.8885","0.8820","","0.48%"
"03/15/2024","0.8835","0.8837","0.8853","0.8819","","-0.03%"
"03/14/2024","0.8838","0.8789","0.8842","0.8781","","0.58%"
"03/13/2024","0.8787","0.8774","0.8791","0.8766","","0.21%"
"03/12/2024","0.8769","0.8777","0.8796","0.8747","","-0.07%"
"03/11/2024","0.8775","0.8777","0.8795","0.8755","","0.00%"
"03/08/2024","0.8775","0.8780","0.8784","0.8729","","0.00%"
"03/07/2024","0.8775","0.8821","0.8828","0.8771","","-0.50%"
"03/06/2024","0.8819","0.8835","0.8857","0.8803","","-0.15%"
"03/05/2024","0.8832","0.8844","0.8867","0.8824","","-0.17%"
"03/04/2024","0.8847","0.8841","0.8866","0.8805","","0.16%"
"03/01/2024","0.8833","0.8845","0.8893","0.8828","","-0.12%"
"02/29/2024","0.8844","0.8788","0.8849","0.8778","","0.66%"
"02/28/2024","0.8786","0.8790","0.8816","0.8783","","0.03%"
"02/27/2024","0.8783","0.8801","0.8812","0.8784","","-0.17%"
"02/26/2024","0.8798","0.8813","0.8824","0.8788","","-0.15%"
"02/23/2024","0.8811","0.8803","0.8820","0.8781","","0.11%"
"02/22/2024","0.8801","0.8796","0.8823","0.8742","","0.08%"
"02/21/2024","0.8794","0.8819","0.8825","0.8788","","-0.27%"
"02/20/2024","0.8818","0.8824","0.8839","0.8785","","-0.03%"
"02/19/2024","0.8821","0.8804","0.8830","0.8796","","0.18%"
"02/16/2024","0.8805","0.8796","0.8841","0.8795","","0.07%"
"02/15/2024","0.8799","0.8859","0.8863","0.8783","","-0.67%"
"02/14/2024","0.8858","0.8869","0.8887","0.8846","","-0.14%"
"02/13/2024","0.8870","0.8757","0.8882","0.8753","","1.30%"
"02/12/2024","0.8756","0.8750","0.8773","0.8726","","0.13%"
"02/09/2024","0.8745","0.8742","0.8763","0.8730","","0.10%"
"02/08/2024","0.8736","0.8746","0.8763","0.8723","","-0.08%"
"02/07/2024","0.8743","0.8698","0.8755","0.8687","","0.55%"
"02/06/2024","0.8695","0.8706","0.8742","0.8690","","-0.11%"
"02/05/2024","0.8705","0.8662","0.8720","0.8659","","0.47%"
"02/02/2024","0.8664","0.8580","0.8681","0.8553","","1.05%"
"02/01/2024","0.8574","0.8615","0.8651","0.8571","","-0.43%"
"01/31/2024","0.8611","0.8620","0.8644","0.8551","","-0.06%"
"01/30/2024","0.8616","0.8613","0.8644","0.8607","","0.06%"
"01/29/2024","0.8611","0.8655","0.8659","0.8606","","-0.38%"
"01/26/2024","0.8644","0.8670","0.8687","0.8615","","-0.27%"
"01/25/2024","0.8667","0.8630","0.8686","0.8624","","0.46%"
"01/24/2024","0.8627","0.8702","0.8710","0.8606","","-0.86%"
"01/23/2024","0.8702","0.8691","0.8730","0.8650","","0.14%"
"01/22/2024","0.8690","0.8688","0.8702","0.8666","","0.06%"
"01/19/2024","0.8685","0.8681","0.8705","0.8676","","0.06%"
"01/18/2024","0.8680","0.8644","0.8696","0.8633","","0.44%"
"01/17/2024","0.8642","0.8612","0.8687","0.8607","","0.31%"
"01/16/2024","0.8615","0.8561","0.8621","0.8554","","0.71%"
"01/15/2024","0.8554","0.8518","0.8564","0.8516","","0.38%"
"01/12/2024","0.8522","0.8521","0.8552","0.8487","","0.05%"
"01/11/2024","0.8518","0.8511","0.8567","0.8490","","0.12%"
"01/10/2024","0.8508","0.8525","0.8536","0.8506","","-0.16%"
"01/09/2024","0.8522","0.8481","0.8533","0.8464","","0.51%"
"01/08/2024","0.8479","0.8501","0.8522","0.8460","","-0.22%"
"01/05/2024","0.8498","0.8502","0.8577","0.8454","","-0.02%"
"01/04/2024","0.8500","0.8492","0.8531","0.8476","","0.12%"
"01/03/2024","0.8490","0.8498","0.8556","0.8488","","-0.11%"
"01/02/2024","0.8499","0.8412","0.8508","0.8400","","1.03%"
"01/01/2024","0.8412","0.8417","0.8417","0.8413","","-0.04%"
"12/29/2023","0.8415","0.8449","0.8452","0.8356","","-0.34%"
"12/28/2023","0.8444","0.8425","0.8453","0.8332","","0.18%"
"12/27/2023","0.8429","0.8537","0.8551","0.8408","","-1.23%"
"12/26/2023","0.8534","0.8548","0.8582","0.8530","","-0.33%"
"12/25/2023","0.8562","0.8557","0.8568","0.8557","","0.08%"
"12/22/2023","0.8555","0.8567","0.8575","0.8514","","-0.07%"
"12/21/2023","0.8561","0.8626","0.8634","0.8559","","-0.75%"
"12/20/2023","0.8626","0.8610","0.8652","0.8601","","0.21%"
"12/19/2023","0.8608","0.8672","0.8680","0.8593","","-0.72%"
"12/18/2023","0.8670","0.8702","0.8712","0.8666","","-0.37%"
"12/15/2023","0.8702","0.8672","0.8713","0.8651","","0.32%"
"12/14/2023","0.8674","0.8717","0.8733","0.8630","","-0.47%"
"12/13/2023","0.8715","0.8754","0.8781","0.8690","","-0.41%"
"12/12/2023","0.8751","0.8785","0.8790","0.8724","","-0.36%"
"12/11/2023","0.8783","0.8802","0.8817","0.8778","","-0.15%"
"12/08/2023","0.8796","0.8752","0.8822","0.8741","","0.54%"
"12/07/2023","0.8749","0.8747","0.8784","0.8727","","0.06%"
"12/06/2023","0.8744","0.8750","0.8762","0.8729","","-0.05%"
"12/05/2023","0.8748","0.8727","0.8767","0.8713","","0.25%"
"12/04/2023","0.8726","0.8691","0.8757","0.8666","","0.38%"
"12/01/2023","0.8693","0.8752","0.8770","0.8679","","-0.66%"
"11/30/2023","0.8751","0.8739","0.8773","0.8684","","0.14%"
"11/29/2023","0.8739","0.8778","0.8785","0.8719","","-0.47%"
"11/28/2023","0.8780","0.8802","0.8820","0.8760","","-0.25%"
"11/27/2023","0.8802","0.8825","0.8830","0.8794","","-0.25%"
"11/24/2023","0.8824","0.8842","0.8850","0.8810","","-0.20%"
"11/23/2023","0.8842","0.8836","0.8859","0.8816","","0.06%"
"11/22/2023","0.8837","0.8837","0.8876","0.8820","","0.03%"
"11/21/2023","0.8834","0.8851","0.8854","0.8819","","-0.16%"
"11/20/2023","0.8848","0.8866","0.8869","0.8826","","-0.08%"
"11/17/2023","0.8855","0.8888","0.8895","0.8852","","-0.34%"
"11/16/2023","0.8885","0.8881","0.8901","0.8853","","0.07%"
"11/15/2023","0.8879","0.8891","0.8905","0.8855","","-0.12%"
"11/14/2023","0.8890","0.9017","0.9028","0.8878","","-1.40%"
"11/13/2023","0.9016","0.9028","0.9054","0.9007","","-0.12%"
"11/10/2023","0.9027","0.9031","0.9047","0.9002","","0.00%"
"11/09/2023","0.9027","0.8992","0.9043","0.8986","","0.40%"
"11/08/2023","0.8991","0.9002","0.9025","0.8976","","-0.10%"
"11/07/2023","0.9000","0.8993","0.9021","0.8986","","0.12%"
"11/06/2023","0.8989","0.8989","0.8999","0.8953","","0.01%"
"11/03/2023","0.8988","0.9065","0.9075","0.8965","","-0.81%"
"11/02/2023","0.9061","0.9077","0.9083","0.9017","","-0.18%"
"11/01/2023","0.9077","0.9105","0.9114","0.9071","","-0.30%"
"10/31/2023","0.9104","0.9018","0.9108","0.9008","","0.95%"
"10/30/2023","0.9018","0.9021","0.9050","0.9006","","-0.02%"
"10/27/2023","0.9020","0.8987","0.9036","0.8981","","0.38%"
"10/26/2023","0.8986","0.8967","0.9006","0.8963","","0.21%"
"10/25/2023","0.8967","0.8932","0.8971","0.8920","","0.39%"
"10/24/2023","0.8932","0.8911","0.8952","0.8888","","0.27%"
"10/23/2023","0.8908","0.8922","0.8959","0.8905","","-0.10%"
"10/20/2023","0.8917","0.8913","0.8936","0.8902","","0.06%"
"10/19/2023","0.8912","0.8989","0.9003","0.8908","","-0.86%"
"10/18/2023","0.8989","0.9002","0.9010","0.8954","","-0.13%"
"10/17/2023","0.9001","0.8999","0.9033","0.8989","","0.02%"
"10/16/2023","0.8999","0.9019","0.9044","0.8995","","-0.23%"
"10/13/2023","0.9020","0.9086","0.9090","0.9002","","-0.68%"
"10/12/2023","0.9082","0.9018","0.9089","0.8986","","0.70%"
"10/11/2023","0.9019","0.9044","0.9056","0.9002","","-0.27%"
"10/10/2023","0.9043","0.9067","0.9085","0.9033","","-0.24%"
"10/09/2023","0.9065","0.9105","0.9125","0.9049","","-0.37%"
"10/06/2023","0.9099","0.9123","0.9177","0.9072","","-0.24%"
"10/05/2023","0.9121","0.9171","0.9183","0.9121","","-0.53%"
"10/04/2023","0.9170","0.9209","0.9233","0.9143","","-0.41%"
"10/03/2023","0.9208","0.9183","0.9245","0.9173","","0.29%"
"10/02/2023","0.9181","0.9147","0.9196","0.9110","","0.35%"
"09/29/2023","0.9149","0.9150","0.9165","0.9090","","0.01%"
"09/28/2023","0.9148","0.9213","0.9218","0.9146","","-0.68%"
"09/27/2023","0.9211","0.9158","0.9226","0.9148","","0.61%"
"09/26/2023","0.9155","0.9121","0.9161","0.9115","","0.39%"
"09/25/2023","0.9119","0.9064","0.9136","0.9061","","0.55%"
"09/22/2023","0.9069","0.9042","0.9077","0.9037","","0.29%"
"09/21/2023","0.9043","0.8986","0.9080","0.8983","","0.66%"
"09/20/2023","0.8984","0.8981","0.8997","0.8931","","0.10%"
"09/19/2023","0.8975","0.8972","0.8985","0.8947","","0.07%"
"09/18/2023","0.8969","0.8965","0.8984","0.8953","","-0.06%"
"09/15/2023","0.8974","0.8953","0.8978","0.8945","","0.21%"
"09/14/2023","0.8955","0.8932","0.8972","0.8913","","0.21%"
"09/13/2023","0.8936","0.8911","0.8954","0.8906","","0.28%"
"09/12/2023","0.8911","0.8908","0.8935","0.8901","","0.04%"
"09/11/2023","0.8907","0.8919","0.8929","0.8896","","-0.28%"
"09/08/2023","0.8932","0.8929","0.8938","0.8894","","0.06%"
"09/07/2023","0.8927","0.8915","0.8942","0.8909","","0.20%"
"09/06/2023","0.8909","0.8892","0.8946","0.8881","","0.17%"
"09/05/2023","0.8894","0.8843","0.8905","0.8840","","0.60%"
"09/04/2023","0.8841","0.8860","0.8863","0.8832","","-0.17%"
"09/01/2023","0.8856","0.8834","0.8864","0.8795","","0.28%"
"08/31/2023","0.8831","0.8781","0.8847","0.8771","","0.59%"
"08/30/2023","0.8779","0.8785","0.8805","0.8745","","-0.02%"
"08/29/2023","0.8781","0.8836","0.8860","0.8774","","-0.62%"
"08/28/2023","0.8836","0.8851","0.8855","0.8817","","-0.10%"
"08/25/2023","0.8845","0.8845","0.8878","0.8821","","0.01%"
"08/24/2023","0.8844","0.8781","0.8853","0.8759","","0.76%"
"08/23/2023","0.8777","0.8804","0.8818","0.8773","","-0.27%"
"08/22/2023","0.8801","0.8787","0.8810","0.8765","","0.20%"
"08/21/2023","0.8783","0.8821","0.8830","0.8780","","-0.36%"
"08/18/2023","0.8815","0.8784","0.8829","0.8773","","0.38%"
"08/17/2023","0.8782","0.8802","0.8811","0.8760","","-0.20%"
"08/16/2023","0.8800","0.8785","0.8816","0.8774","","0.23%"
"08/15/2023","0.8780","0.8784","0.8799","0.8744","","-0.01%"
"08/14/2023","0.8781","0.8763","0.8829","0.8755","","0.16%"
"08/11/2023","0.8767","0.8769","0.8781","0.8734","","0.01%"
"08/10/2023","0.8766","0.8774","0.8778","0.8690","","-0.06%"
"08/09/2023","0.8771","0.8759","0.8784","0.8731","","0.19%"
"08/08/2023","0.8754","0.8727","0.8784","0.8719","","0.37%"
"08/07/2023","0.8722","0.8726","0.8775","0.8718","","-0.06%"
"08/04/2023","0.8727","0.8741","0.8784","0.8698","","-0.16%"
"08/03/2023","0.8741","0.8776","0.8799","0.8733","","-0.40%"
"08/02/2023","0.8776","0.8754","0.8807","0.8716","","0.29%"
"08/01/2023","0.8751","0.8719","0.8779","0.8707","","0.38%"
"07/31/2023","0.8718","0.8699","0.8731","0.8665","","0.23%"
"07/28/2023","0.8698","0.8692","0.8737","0.8661","","0.13%"
"07/27/2023","0.8687","0.8608","0.8701","0.8552","","0.94%"
"07/26/2023","0.8606","0.8634","0.8658","0.8597","","-0.35%"
"07/25/2023","0.8636","0.8698","0.8704","0.8636","","-0.70%"
"07/24/2023","0.8697","0.8663","0.8701","0.8637","","0.46%"
"07/21/2023","0.8657","0.8672","0.8674","0.8640","","-0.12%"
"07/20/2023","0.8667","0.8586","0.8686","0.8561","","0.97%"
"07/19/2023","0.8584","0.8581","0.8615","0.8566","","0.14%"
"07/18/2023","0.8572","0.8605","0.8610","0.8555","","-0.38%"
"07/17/2023","0.8605","0.8616","0.8632","0.8578","","-0.14%"
"07/14/2023","0.8617","0.8590","0.8632","0.8565","","0.36%"
"07/13/2023","0.8586","0.8674","0.8679","0.8582","","-1.01%"
"07/12/2023","0.8674","0.8795","0.8802","0.8659","","-1.35%"
"07/11/2023","0.8793","0.8853","0.8865","0.8791","","-0.67%"
"07/10/2023","0.8852","0.8895","0.8920","0.8851","","-0.34%"
"07/07/2023","0.8882","0.8953","0.8972","0.8875","","-0.76%"
"07/06/2023","0.8950","0.8989","0.8999","0.8950","","-0.41%"
"07/05/2023","0.8987","0.8971","0.8996","0.8961","","0.22%"
"07/04/2023","0.8967","0.8967","0.8978","0.8946","","0.03%"
"07/03/2023","0.8964","0.8947","0.9006","0.8940","","0.12%"
"06/30/2023","0.8953","0.8994","0.9018","0.8935","","-0.44%"
"06/29/2023","0.8993","0.8970","0.9003","0.8943","","0.28%"
"06/28/2023","0.8968","0.8938","0.8989","0.8931","","0.36%"
"06/27/2023","0.8936","0.8960","0.8972","0.8924","","-0.22%"
"06/26/2023","0.8956","0.8975","0.8975","0.8911","","-0.19%"
"06/23/2023","0.8973","0.8954","0.9015","0.8945","","0.28%"
"06/22/2023","0.8948","0.8931","0.8975","0.8906","","0.20%"
"06/21/2023","0.8930","0.8978","0.8999","0.8920","","-0.55%"
"06/20/2023","0.8979","0.8963","0.9002","0.8952","","0.27%"
"06/19/2023","0.8955","0.8945","0.8976","0.8932","","0.20%"
"06/16/2023","0.8937","0.8918","0.8950","0.8901","","0.21%"
"06/15/2023","0.8918","0.9011","0.9057","0.8907","","-1.02%"
"06/14/2023","0.9010","0.9053","0.9061","0.8964","","-0.44%"
"06/13/2023","0.9050","0.9089","0.9092","0.9032","","-0.44%"
"06/12/2023","0.9090","0.9039","0.9111","0.9014","","0.58%"
"06/09/2023","0.9038","0.8988","0.9041","0.8984","","0.60%"
"06/08/2023","0.8984","0.9101","0.9108","0.8986","","-1.31%"
"06/07/2023","0.9103","0.9078","0.9109","0.9043","","0.32%"
"06/06/2023","0.9074","0.9066","0.9099","0.9033","","0.14%"
"06/05/2023","0.9061","0.9087","0.9121","0.9051","","-0.31%"
"06/02/2023","0.9089","0.9056","0.9094","0.9035","","0.40%"
"06/01/2023","0.9053","0.9110","0.9117","0.9053","","-0.57%"
"05/31/2023","0.9105","0.9057","0.9150","0.9054","","0.55%"
"05/30/2023","0.9055","0.9042","0.9085","0.9014","","0.15%"
"05/29/2023","0.9041","0.9058","0.9064","0.9026","","-0.13%"
"05/26/2023","0.9053","0.9057","0.9076","0.9018","","-0.02%"
"05/25/2023","0.9055","0.9050","0.9075","0.9038","","0.10%"
"05/24/2023","0.9046","0.9011","0.9068","0.9004","","0.41%"
"05/23/2023","0.9009","0.8981","0.9031","0.8974","","0.36%"
"05/22/2023","0.8977","0.9003","0.9004","0.8940","","-0.21%"
"05/19/2023","0.8996","0.9052","0.9061","0.8974","","-0.64%"
"05/18/2023","0.9054","0.8985","0.9064","0.8979","","0.75%"
"05/17/2023","0.8987","0.8967","0.9026","0.8949","","0.27%"
"05/16/2023","0.8963","0.8960","0.8971","0.8919","","0.08%"
"05/15/2023","0.8956","0.8969","0.8989","0.8942","","-0.27%"
"05/12/2023","0.8980","0.8944","0.8991","0.8896","","0.41%"
"05/11/2023","0.8943","0.8894","0.8960","0.8887","","0.53%"
"05/10/2023","0.8896","0.8905","0.8929","0.8868","","-0.08%"
"05/09/2023","0.8903","0.8895","0.8945","0.8888","","0.12%"
"05/08/2023","0.8892","0.8912","0.8915","0.8867","","-0.20%"
"05/05/2023","0.8910","0.8860","0.8974","0.8834","","0.61%"
"05/04/2023","0.8856","0.8835","0.8895","0.8820","","0.22%"
"05/03/2023","0.8837","0.8932","0.8935","0.8832","","-1.03%"
"05/02/2023","0.8929","0.8954","0.8996","0.8923","","-0.31%"
"05/01/2023","0.8957","0.8938","0.8967","0.8915","","0.18%"
"04/28/2023","0.8941","0.8945","0.8977","0.8895","","0.00%"
"04/27/2023","0.8941","0.8913","0.8978","0.8903","","0.34%"
"04/26/2023","0.8911","0.8918","0.8928","0.8852","","-0.07%"
"04/25/2023","0.8917","0.8877","0.8929","0.8860","","0.50%"
"04/24/2023","0.8873","0.8926","0.8933","0.8874","","-0.59%"
"04/21/2023","0.8926","0.8924","0.8956","0.8907","","0.06%"
"04/20/2023","0.8921","0.8975","0.8986","0.8920","","-0.59%"
"04/19/2023","0.8974","0.8963","0.9004","0.8957","","0.16%"
"04/18/2023","0.8960","0.8985","0.8992","0.8954","","-0.28%"
"04/17/2023","0.8985","0.8945","0.8999","0.8921","","0.53%"
"04/14/2023","0.8938","0.8898","0.8960","0.8867","","0.51%"
"04/13/2023","0.8893","0.8961","0.8978","0.8859","","-0.74%"
"04/12/2023","0.8959","0.9036","0.9039","0.8943","","-0.81%"
"04/11/2023","0.9032","0.9096","0.9101","0.9027","","-0.68%"
"04/10/2023","0.9094","0.9049","0.9122","0.9035","","0.48%"
"04/07/2023","0.9051","0.9047","0.9083","0.9033","","0.04%"
"04/06/2023","0.9047","0.9068","0.9078","0.9035","","-0.24%"
"04/05/2023","0.9069","0.9060","0.9079","0.9012","","0.14%"
"04/04/2023","0.9056","0.9125","0.9145","0.9054","","-0.75%"
"04/03/2023","0.9124","0.9148","0.9198","0.9115","","-0.26%"
"03/31/2023","0.9148","0.9136","0.9179","0.9115","","0.19%"
"03/30/2023","0.9131","0.9186","0.9203","0.9125","","-0.58%"
"03/29/2023","0.9184","0.9196","0.9225","0.9165","","-0.12%"
"03/28/2023","0.9195","0.9158","0.9225","0.9136","","0.41%"
"03/27/2023","0.9157","0.9179","0.9201","0.9153","","-0.46%"
"03/24/2023","0.9199","0.9165","0.9219","0.9154","","0.38%"
"03/23/2023","0.9164","0.9178","0.9183","0.9120","","-0.13%"
"03/22/2023","0.9176","0.9224","0.9248","0.9147","","-0.49%"
"03/21/2023","0.9221","0.9290","0.9317","0.9209","","-0.73%"
"03/20/2023","0.9289","0.9286","0.9313","0.9240","","0.33%"
"03/17/2023","0.9258","0.9294","0.9303","0.9240","","-0.36%"
"03/16/2023","0.9291","0.9334","0.9344","0.9230","","-0.42%"
"03/15/2023","0.9330","0.9143","0.9342","0.9122","","2.08%"
"03/14/2023","0.9140","0.9118","0.9167","0.9096","","0.26%"
"03/13/2023","0.9116","0.9204","0.9210","0.9071","","-1.04%"
"03/10/2023","0.9212","0.9325","0.9337","0.9175","","-1.22%"
"03/09/2023","0.9326","0.9419","0.9420","0.9323","","-0.96%"
"03/08/2023","0.9416","0.9424","0.9441","0.9388","","0.01%"
"03/07/2023","0.9415","0.9307","0.9427","0.9284","","1.16%"
"03/06/2023","0.9307","0.9366","0.9374","0.9305","","-0.54%"
"03/03/2023","0.9358","0.9424","0.9425","0.9359","","-0.68%"
"03/02/2023","0.9422","0.9396","0.9442","0.9391","","0.30%"
"03/01/2023","0.9394","0.9422","0.9431","0.9350","","-0.29%"
"02/28/2023","0.9421","0.9358","0.9425","0.9341","","0.69%"
"02/27/2023","0.9356","0.9405","0.9433","0.9344","","-0.55%"
"02/24/2023","0.9408","0.9341","0.9416","0.9326","","0.75%"
"02/23/2023","0.9338","0.9315","0.9351","0.9290","","0.28%"
"02/22/2023","0.9312","0.9279","0.9320","0.9252","","0.38%"
"02/21/2023","0.9277","0.9238","0.9284","0.9228","","0.47%"
"02/20/2023","0.9234","0.9264","0.9267","0.9220","","-0.12%"
"02/17/2023","0.9245","0.9253","0.9334","0.9240","","-0.08%"
"02/16/2023","0.9252","0.9238","0.9273","0.9214","","0.17%"
"02/15/2023","0.9236","0.9214","0.9263","0.9209","","0.27%"
"02/14/2023","0.9211","0.9195","0.9237","0.9137","","0.21%"
"02/13/2023","0.9192","0.9240","0.9262","0.9190","","-0.48%"
"02/10/2023","0.9236","0.9222","0.9255","0.9197","","0.15%"
"02/09/2023","0.9222","0.9209","0.9230","0.9160","","0.15%"
"02/08/2023","0.9208","0.9220","0.9227","0.9178","","-0.12%"
"02/07/2023","0.9219","0.9283","0.9291","0.9191","","-0.68%"
"02/06/2023","0.9282","0.9264","0.9291","0.9226","","0.26%"
"02/03/2023","0.9258","0.9134","0.9271","0.9122","","1.41%"
"02/02/2023","0.9129","0.9091","0.9141","0.9060","","0.52%"
"02/01/2023","0.9082","0.9165","0.9184","0.9069","","-0.86%"
"01/31/2023","0.9161","0.9256","0.9290","0.9150","","-0.94%"
"01/30/2023","0.9248","0.9215","0.9258","0.9182","","0.46%"
"01/27/2023","0.9206","0.9204","0.9241","0.9191","","0.04%"
"01/26/2023","0.9202","0.9182","0.9226","0.9158","","0.26%"
"01/25/2023","0.9178","0.9229","0.9247","0.9172","","-0.52%"
"01/24/2023","0.9226","0.9217","0.9281","0.9191","","0.10%"
"01/23/2023","0.9217","0.9204","0.9243","0.9160","","0.14%"
"01/20/2023","0.9204","0.9159","0.9236","0.9140","","0.46%"
"01/19/2023","0.9162","0.9165","0.9194","0.9147","","0.02%"
"01/18/2023","0.9160","0.9219","0.9247","0.9085","","-0.64%"
"01/17/2023","0.9219","0.9265","0.9279","0.9186","","-0.50%"
"01/16/2023","0.9265","0.9273","0.9290","0.9218","","0.00%"
"01/13/2023","0.9265","0.9280","0.9319","0.9255","","-0.11%"
"01/12/2023","0.9275","0.9318","0.9354","0.9265","","-0.37%"
"01/11/2023","0.9309","0.9229","0.9333","0.9204","","0.93%"
"01/10/2023","0.9223","0.9216","0.9254","0.9194","","0.11%"
"01/09/2023","0.9213","0.9280","0.9286","0.9166","","-0.65%"
"01/06/2023","0.9273","0.9359","0.9409","0.9269","","-0.94%"
"01/05/2023","0.9361","0.9294","0.9380","0.9260","","0.72%"
"01/04/2023","0.9294","0.9361","0.9369","0.9252","","-0.68%"
"01/03/2023","0.9358","0.9252","0.9400","0.9229","","1.17%"
"01/02/2023","0.9250","0.9245","0.9262","0.9231","","0.06%"
"12/30/2022","0.9244","0.9232","0.9269","0.9200","","0.15%"
"12/29/2022","0.9230","0.9280","0.9290","0.9210","","-0.61%"
"12/28/2022","0.9287","0.9290","0.9309","0.9244","","-0.01%"
"12/27/2022","0.9288","0.9320","0.9334","0.9269","","-0.32%"
"12/26/2022","0.9318","0.9341","0.9344","0.9309","","-0.16%"
"12/23/2022","0.9333","0.9308","0.9348","0.9285","","0.25%"
"12/22/2022","0.9310","0.9268","0.9324","0.9226","","0.47%"
"12/21/2022","0.9266","0.9260","0.9291","0.9238","","0.06%"
"12/20/2022","0.9260","0.9282","0.9309","0.9241","","-0.26%"
"12/19/2022","0.9284","0.9337","0.9352","0.9283","","-0.55%"
"12/16/2022","0.9335","0.9292","0.9346","0.9253","","0.58%"
"12/15/2022","0.9281","0.9240","0.9320","0.9232","","0.40%"
"12/14/2022","0.9244","0.9287","0.9299","0.9215","","-0.47%"
"12/13/2022","0.9288","0.9363","0.9377","0.9232","","-0.77%"
"12/12/2022","0.9360","0.9340","0.9382","0.9312","","0.18%"
"12/09/2022","0.9343","0.9366","0.9383","0.9312","","-0.22%"
"12/08/2022","0.9364","0.9409","0.9428","0.9344","","-0.45%"
"12/07/2022","0.9406","0.9417","0.9439","0.9363","","-0.11%"
"12/06/2022","0.9416","0.9426","0.9459","0.9380","","-0.07%"
"12/05/2022","0.9423","0.9378","0.9438","0.9330","","0.60%"
"12/02/2022","0.9367","0.9370","0.9441","0.9326","","-0.02%"
"12/01/2022","0.9369","0.9459","0.9463","0.9365","","-0.93%"
"11/30/2022","0.9457","0.9541","0.9550","0.9431","","-0.85%"
"11/29/2022","0.9538","0.9492","0.9548","0.9459","","0.50%"
"11/28/2022","0.9491","0.9464","0.9500","0.9405","","0.40%"
"11/25/2022","0.9453","0.9433","0.9503","0.9422","","0.23%"
"11/24/2022","0.9431","0.9429","0.9448","0.9387","","0.06%"
"11/23/2022","0.9425","0.9520","0.9535","0.9412","","-0.98%"
"11/22/2022","0.9518","0.9592","0.9593","0.9509","","-0.75%"
"11/21/2022","0.9590","0.9551","0.9600","0.9529","","0.46%"
"11/18/2022","0.9546","0.9521","0.9552","0.9498","","0.33%"
"11/17/2022","0.9515","0.9446","0.9559","0.9433","","0.76%"
"11/16/2022","0.9443","0.9445","0.9471","0.9386","","0.02%"
"11/15/2022","0.9441","0.9432","0.9477","0.9357","","0.13%"
"11/14/2022","0.9429","0.9413","0.9491","0.9405","","0.13%"
"11/11/2022","0.9417","0.9638","0.9685","0.9397","","-2.27%"
"11/10/2022","0.9636","0.9837","0.9901","0.9630","","-2.07%"
"11/09/2022","0.9840","0.9855","0.9876","0.9800","","-0.17%"
"11/08/2022","0.9857","0.9885","0.9929","0.9837","","-0.23%"
"11/07/2022","0.9880","0.9985","0.9991","0.9875","","-0.58%"
"11/04/2022","0.9938","1.0135","1.0147","0.9931","","-1.90%"
"11/03/2022","1.0130","1.0031","1.0149","1.0004","","1.02%"
"11/02/2022","1.0028","1.0000","1.0042","0.9910","","0.30%"
"11/01/2022","0.9998","1.0014","1.0023","0.9915","","-0.13%"
"10/31/2022","1.0011","0.9968","1.0034","0.9958","","0.50%"
"10/28/2022","0.9961","0.9909","0.9981","0.9883","","0.56%"
"10/27/2022","0.9906","0.9868","0.9931","0.9840","","0.42%"
"10/26/2022","0.9865","0.9950","0.9965","0.9852","","-0.83%"
"10/25/2022","0.9948","1.0002","1.0034","0.9939","","-0.54%"
"10/24/2022","1.0002","0.9962","1.0033","0.9946","","0.26%"
"10/21/2022","0.9976","1.0034","1.0150","0.9962","","-0.58%"
"10/20/2022","1.0034","1.0044","1.0071","0.9994","","-0.07%"
"10/19/2022","1.0041","0.9944","1.0065","0.9928","","1.01%"
"10/18/2022","0.9941","0.9961","0.9981","0.9919","","-0.22%"
"10/17/2022","0.9963","1.0042","1.0059","0.9944","","-0.88%"
"10/14/2022","1.0051","1.0005","1.0068","0.9964","","0.46%"
"10/13/2022","1.0005","0.9978","1.0076","0.9960","","0.32%"
"10/12/2022","0.9973","0.9972","1.0006","0.9931","","0.05%"
"10/11/2022","0.9968","0.9997","1.0023","0.9915","","-0.28%"
"10/10/2022","0.9996","0.9940","1.0013","0.9932","","0.54%"
"10/07/2022","0.9942","0.9907","0.9956","0.9878","","0.37%"
"10/06/2022","0.9905","0.9831","0.9916","0.9780","","0.70%"
"10/05/2022","0.9836","0.9794","0.9890","0.9785","","0.46%"
"10/04/2022","0.9791","0.9923","0.9945","0.9784","","-1.30%"
"10/03/2022","0.9920","0.9874","0.9952","0.9832","","0.53%"
"09/30/2022","0.9868","0.9759","0.9879","0.9739","","1.16%"
"09/29/2022","0.9755","0.9760","0.9858","0.9749","","-0.06%"
"09/28/2022","0.9761","0.9916","0.9967","0.9745","","-1.53%"
"09/27/2022","0.9913","0.9935","0.9948","0.9849","","-0.19%"
"09/26/2022","0.9932","0.9822","0.9968","0.9790","","1.15%"
"09/23/2022","0.9819","0.9771","0.9842","0.9755","","0.53%"
"09/22/2022","0.9767","0.9662","0.9853","0.9622","","1.11%"
"09/21/2022","0.9660","0.9644","0.9701","0.9620","","0.20%"
"09/20/2022","0.9641","0.9647","0.9686","0.9623","","-0.02%"
"09/19/2022","0.9643","0.9645","0.9697","0.9626","","-0.03%"
"09/16/2022","0.9646","0.9619","0.9665","0.9600","","0.32%"
"09/15/2022","0.9615","0.9620","0.9644","0.9556","","-0.07%"
"09/14/2022","0.9622","0.9616","0.9638","0.9589","","0.09%"
"09/13/2022","0.9613","0.9533","0.9635","0.9479","","0.81%"
"09/12/2022","0.9536","0.9596","0.9614","0.9509","","-0.66%"
"09/09/2022","0.9599","0.9710","0.9713","0.9547","","-1.14%"
"09/08/2022","0.9710","0.9771","0.9784","0.9701","","-0.54%"
"09/07/2022","0.9763","0.9846","0.9871","0.9761","","-0.81%"
"09/06/2022","0.9843","0.9798","0.9865","0.9765","","0.48%"
"09/05/2022","0.9796","0.9814","0.9840","0.9794","","-0.08%"
"09/02/2022","0.9804","0.9822","0.9861","0.9784","","-0.16%"
"09/01/2022","0.9820","0.9776","0.9863","0.9744","","0.47%"
"08/31/2022","0.9774","0.9739","0.9809","0.9726","","0.36%"
"08/30/2022","0.9739","0.9680","0.9765","0.9665","","0.60%"
"08/29/2022","0.9681","0.9655","0.9709","0.9652","","0.19%"
"08/26/2022","0.9663","0.9638","0.9670","0.9578","","0.27%"
"08/25/2022","0.9637","0.9666","0.9672","0.9613","","-0.26%"
"08/24/2022","0.9662","0.9636","0.9689","0.9607","","0.25%"
"08/23/2022","0.9638","0.9643","0.9694","0.9603","","-0.06%"
"08/22/2022","0.9644","0.9581","0.9660","0.9574","","0.57%"
"08/19/2022","0.9589","0.9571","0.9601","0.9553","","0.22%"
"08/18/2022","0.9568","0.9518","0.9575","0.9497","","0.55%"
"08/17/2022","0.9516","0.9494","0.9546","0.9482","","0.24%"
"08/16/2022","0.9493","0.9460","0.9515","0.9454","","0.32%"
"08/15/2022","0.9463","0.9414","0.9472","0.9407","","0.53%"
"08/12/2022","0.9413","0.9417","0.9452","0.9406","","0.06%"
"08/11/2022","0.9407","0.9427","0.9448","0.9371","","-0.17%"
"08/10/2022","0.9423","0.9539","0.9548","0.9392","","-1.17%"
"08/09/2022","0.9535","0.9550","0.9561","0.9511","","-0.16%"
"08/08/2022","0.9550","0.9621","0.9637","0.9522","","-0.63%"
"08/05/2022","0.9611","0.9556","0.9654","0.9537","","0.65%"
"08/04/2022","0.9549","0.9604","0.9626","0.9543","","-0.58%"
"08/03/2022","0.9605","0.9576","0.9654","0.9542","","0.32%"
"08/02/2022","0.9574","0.9496","0.9578","0.9471","","0.83%"
"08/01/2022","0.9495","0.9521","0.9539","0.9482","","-0.20%"
"07/29/2022","0.9514","0.9550","0.9597","0.9501","","-0.36%"
"07/28/2022","0.9548","0.9600","0.9635","0.9544","","-0.51%"
"07/27/2022","0.9597","0.9627","0.9661","0.9584","","-0.30%"
"07/26/2022","0.9626","0.9647","0.9670","0.9615","","-0.19%"
"07/25/2022","0.9644","0.9630","0.9663","0.9609","","0.32%"
"07/22/2022","0.9613","0.9669","0.9708","0.9600","","-0.54%"
"07/21/2022","0.9665","0.9715","0.9741","0.9664","","-0.49%"
"07/20/2022","0.9713","0.9688","0.9738","0.9676","","0.29%"
"07/19/2022","0.9685","0.9775","0.9790","0.9654","","-0.94%"
"07/18/2022","0.9777","0.9771","0.9793","0.9731","","0.16%"
"07/15/2022","0.9761","0.9842","0.9846","0.9759","","-0.78%"
"07/14/2022","0.9838","0.9785","0.9888","0.9783","","0.52%"
"07/13/2022","0.9787","0.9823","0.9832","0.9757","","-0.30%"
"07/12/2022","0.9816","0.9829","0.9861","0.9803","","-0.13%"
"07/11/2022","0.9829","0.9762","0.9845","0.9760","","0.69%"
"07/08/2022","0.9762","0.9740","0.9800","0.9722","","0.26%"
"07/07/2022","0.9737","0.9709","0.9750","0.9682","","0.32%"
"07/06/2022","0.9706","0.9685","0.9745","0.9671","","0.24%"
"07/05/2022","0.9683","0.9612","0.9707","0.9592","","0.75%"
"07/04/2022","0.9611","0.9611","0.9621","0.9574","","0.19%"
"07/01/2022","0.9593","0.9553","0.9643","0.9542","","0.46%"
"06/30/2022","0.9549","0.9550","0.9608","0.9529","","-0.03%"
"06/29/2022","0.9552","0.9578","0.9580","0.9495","","-0.20%"
"06/28/2022","0.9571","0.9559","0.9589","0.9534","","0.14%"
"06/27/2022","0.9558","0.9572","0.9623","0.9542","","-0.21%"
"06/24/2022","0.9578","0.9613","0.9635","0.9522","","-0.34%"
"06/23/2022","0.9611","0.9617","0.9681","0.9567","","-0.03%"
"06/22/2022","0.9614","0.9661","0.9691","0.9581","","-0.49%"
"06/21/2022","0.9661","0.9677","0.9689","0.9632","","-0.12%"
"06/20/2022","0.9673","0.9719","0.9719","0.9621","","-0.25%"
"06/17/2022","0.9697","0.9665","0.9734","0.9619","","0.32%"
"06/16/2022","0.9666","0.9945","0.9991","0.9631","","-2.77%"
"06/15/2022","0.9941","1.0015","1.0054","0.9931","","-0.74%"
"06/14/2022","1.0015","0.9980","1.0040","0.9873","","0.39%"
"06/13/2022","0.9976","0.9872","0.9996","0.9872","","1.06%"
"06/10/2022","0.9871","0.9807","0.9900","0.9766","","0.68%"
"06/09/2022","0.9804","0.9784","0.9820","0.9724","","0.25%"
"06/08/2022","0.9780","0.9731","0.9791","0.9721","","0.51%"
"06/07/2022","0.9730","0.9709","0.9782","0.9705","","0.27%"
"06/06/2022","0.9704","0.9626","0.9716","0.9605","","0.83%"
"06/03/2022","0.9624","0.9583","0.9644","0.9557","","0.45%"
"06/02/2022","0.9581","0.9631","0.9638","0.9575","","-0.49%"
"06/01/2022","0.9628","0.9595","0.9660","0.9589","","0.38%"
"05/31/2022","0.9592","0.9576","0.9622","0.9567","","0.20%"
"05/30/2022","0.9573","0.9570","0.9607","0.9554","","0.03%"
"05/27/2022","0.9570","0.9599","0.9604","0.9545","","-0.24%"
"05/26/2022","0.9593","0.9620","0.9635","0.9582","","-0.23%"
"05/25/2022","0.9615","0.9601","0.9645","0.9599","","0.14%"
"05/24/2022","0.9602","0.9659","0.9672","0.9574","","-0.58%"
"05/23/2022","0.9658","0.9752","0.9756","0.9628","","-0.94%"
"05/20/2022","0.9750","0.9730","0.9766","0.9694","","0.21%"
"05/19/2022","0.9730","0.9881","0.9890","0.9696","","-1.49%"
"05/18/2022","0.9877","0.9939","0.9989","0.9860","","-0.57%"
"05/17/2022","0.9934","1.0021","1.0026","0.9918","","-0.84%"
"05/16/2022","1.0018","1.0022","1.0066","1.0006","","0.01%"
"05/13/2022","1.0017","1.0035","1.0049","0.9991","","-0.12%"
"05/12/2022","1.0029","0.9944","1.0051","0.9931","","0.86%"
"05/11/2022","0.9943","0.9963","0.9966","0.9871","","-0.17%"
"05/10/2022","0.9960","0.9939","0.9977","0.9906","","0.24%"
"05/09/2022","0.9936","0.9882","0.9967","0.9879","","0.50%"
"05/06/2022","0.9887","0.9849","0.9894","0.9827","","0.40%"
"05/05/2022","0.9848","0.9722","0.9892","0.9709","","1.32%"
"05/04/2022","0.9720","0.9778","0.9854","0.9720","","-0.69%"
"05/03/2022","0.9788","0.9782","0.9802","0.9720","","0.09%"
"05/02/2022","0.9779","0.9708","0.9791","0.9708","","0.46%"
"04/29/2022","0.9734","0.9717","0.9738","0.9671","","0.13%"
"04/28/2022","0.9721","0.9691","0.9760","0.9679","","0.33%"
"04/27/2022","0.9689","0.9624","0.9703","0.9614","","0.66%"
"04/26/2022","0.9625","0.9594","0.9630","0.9564","","0.31%"
"04/25/2022","0.9595","0.9577","0.9600","0.9547","","0.25%"
"04/22/2022","0.9571","0.9531","0.9594","0.9528","","0.42%"
"04/21/2022","0.9531","0.9485","0.9555","0.9457","","0.52%"
"04/20/2022","0.9482","0.9519","0.9538","0.9454","","-0.36%"
"04/19/2022","0.9516","0.9443","0.9525","0.9433","","0.73%"
"04/18/2022","0.9447","0.9443","0.9455","0.9420","","0.23%"
"04/15/2022","0.9425","0.9423","0.9447","0.9411","","0.04%"
"04/14/2022","0.9421","0.9349","0.9435","0.9324","","0.81%"
"04/13/2022","0.9345","0.9334","0.9358","0.9314","","0.15%"
"04/12/2022","0.9331","0.9308","0.9346","0.9286","","0.28%"
"04/11/2022","0.9305","0.9303","0.9373","0.9299","","-0.44%"
"04/08/2022","0.9346","0.9344","0.9376","0.9327","","0.06%"
"04/07/2022","0.9340","0.9332","0.9349","0.9317","","0.12%"
"04/06/2022","0.9329","0.9296","0.9352","0.9288","","0.33%"
"04/05/2022","0.9298","0.9264","0.9300","0.9237","","0.39%"
"04/04/2022","0.9262","0.9259","0.9282","0.9245","","0.09%"
"04/01/2022","0.9254","0.9229","0.9282","0.9220","","0.30%"
"03/31/2022","0.9226","0.9232","0.9260","0.9195","","-0.06%"
"03/30/2022","0.9232","0.9316","0.9321","0.9220","","-0.87%"
"03/29/2022","0.9313","0.9339","0.9375","0.9297","","-0.27%"
"03/28/2022","0.9338","0.9312","0.9383","0.9300","","0.38%"
"03/25/2022","0.9303","0.9302","0.9316","0.9260","","0.01%"
"03/24/2022","0.9302","0.9306","0.9349","0.9297","","-0.03%"
"03/23/2022","0.9305","0.9332","0.9359","0.9301","","-0.28%"
"03/22/2022","0.9331","0.9340","0.9377","0.9314","","-0.04%"
"03/21/2022","0.9335","0.9320","0.9354","0.9294","","0.25%"
"03/18/2022","0.9312","0.9371","0.9385","0.9314","","-0.60%"
"03/17/2022","0.9368","0.9405","0.9433","0.9336","","-0.36%"
"03/16/2022","0.9402","0.9411","0.9462","0.9390","","-0.09%"
"03/15/2022","0.9410","0.9386","0.9433","0.9372","","0.27%"
"03/14/2022","0.9385","0.9336","0.9390","0.9319","","0.42%"
"03/11/2022","0.9346","0.9302","0.9354","0.9290","","0.49%"
"03/10/2022","0.9300","0.9263","0.9311","0.9255","","0.41%"
"03/09/2022","0.9262","0.9294","0.9304","0.9250","","-0.30%"
"03/08/2022","0.9290","0.9257","0.9308","0.9248","","0.40%"
"03/07/2022","0.9253","0.9182","0.9275","0.9168","","0.96%"
"03/04/2022","0.9165","0.9172","0.9212","0.9163","","-0.07%"
"03/03/2022","0.9171","0.9202","0.9218","0.9171","","-0.37%"
"03/02/2022","0.9205","0.9184","0.9241","0.9166","","0.22%"
"03/01/2022","0.9185","0.9167","0.9207","0.9150","","0.21%"
"02/28/2022","0.9166","0.9282","0.9284","0.9166","","-0.91%"
"02/25/2022","0.9250","0.9257","0.9286","0.9228","","-0.10%"
"02/24/2022","0.9259","0.9183","0.9291","0.9172","","0.85%"
"02/23/2022","0.9181","0.9206","0.9221","0.9168","","-0.36%"
"02/22/2022","0.9214","0.9159","0.9230","0.9151","","0.63%"
"02/21/2022","0.9156","0.9207","0.9222","0.9150","","-0.64%"
"02/18/2022","0.9215","0.9204","0.9221","0.9191","","0.15%"
"02/17/2022","0.9201","0.9229","0.9231","0.9188","","-0.27%"
"02/16/2022","0.9226","0.9257","0.9262","0.9206","","-0.30%"
"02/15/2022","0.9254","0.9244","0.9275","0.9226","","0.11%"
"02/14/2022","0.9244","0.9258","0.9274","0.9237","","-0.13%"
"02/11/2022","0.9256","0.9249","0.9289","0.9238","","0.04%"
"02/10/2022","0.9252","0.9247","0.9299","0.9226","","0.10%"
"02/09/2022","0.9243","0.9247","0.9258","0.9221","","-0.04%"
"02/08/2022","0.9247","0.9243","0.9266","0.9225","","0.08%"
"02/07/2022","0.9240","0.9256","0.9265","0.9221","","-0.15%"
"02/04/2022","0.9254","0.9196","0.9260","0.9193","","0.62%"
"02/03/2022","0.9197","0.9186","0.9238","0.9177","","0.15%"
"02/02/2022","0.9183","0.9220","0.9224","0.9179","","-0.34%"
"02/01/2022","0.9214","0.9272","0.9279","0.9204","","-0.59%"
"01/31/2022","0.9269","0.9308","0.9344","0.9251","","-0.41%"
"01/28/2022","0.9307","0.9307","0.9331","0.9290","","0.02%"
"01/27/2022","0.9305","0.9244","0.9339","0.9231","","0.71%"
"01/26/2022","0.9239","0.9183","0.9248","0.9171","","0.63%"
"01/25/2022","0.9181","0.9139","0.9205","0.9133","","0.49%"
"01/24/2022","0.9136","0.9126","0.9161","0.9109","","0.26%"
"01/21/2022","0.9112","0.9169","0.9178","0.9108","","-0.57%"
"01/20/2022","0.9164","0.9158","0.9183","0.9139","","0.10%"
"01/19/2022","0.9155","0.9175","0.9179","0.9144","","-0.20%"
"01/18/2022","0.9173","0.9141","0.9181","0.9131","","0.38%"
"01/17/2022","0.9138","0.9128","0.9160","0.9121","","-0.01%"
"01/14/2022","0.9139","0.9112","0.9144","0.9094","","0.34%"
"01/13/2022","0.9108","0.9145","0.9150","0.9092","","-0.36%"
"01/12/2022","0.9141","0.9234","0.9246","0.9130","","-0.96%"
"01/11/2022","0.9230","0.9274","0.9280","0.9232","","-0.45%"
"01/10/2022","0.9272","0.9197","0.9277","0.9185","","0.91%"
"01/07/2022","0.9188","0.9212","0.9234","0.9182","","-0.25%"
"01/06/2022","0.9211","0.9174","0.9226","0.9168","","0.47%"
"01/05/2022","0.9168","0.9164","0.9185","0.9141","","0.08%"
"01/04/2022","0.9161","0.9194","0.9195","0.9136","","-0.33%"
"01/03/2022","0.9191","0.9115","0.9201","0.9109","","0.76%"
"12/31/2021","0.9122","0.9136","0.9149","0.9102","","-0.13%"
"12/30/2021","0.9134","0.9147","0.9183","0.9132","","-0.13%"
"12/29/2021","0.9146","0.9173","0.9203","0.9126","","-0.31%"
"12/28/2021","0.9174","0.9177","0.9191","0.9159","","0.02%"
"12/27/2021","0.9172","0.9190","0.9202","0.9172","","-0.23%"
"12/24/2021","0.9193","0.9187","0.9205","0.9168","","0.11%"
"12/23/2021","0.9183","0.9203","0.9221","0.9175","","-0.16%"
"12/22/2021","0.9198","0.9239","0.9254","0.9190","","-0.41%"
"12/21/2021","0.9236","0.9211","0.9256","0.9194","","0.28%"
"12/20/2021","0.9210","0.9242","0.9253","0.9192","","-0.29%"
"12/17/2021","0.9237","0.9192","0.9248","0.9174","","0.50%"
"12/16/2021","0.9191","0.9253","0.9259","0.9189","","-0.62%"
"12/15/2021","0.9248","0.9246","0.9296","0.9232","","0.10%"
"12/14/2021","0.9239","0.9231","0.9247","0.9188","","0.15%"
"12/13/2021","0.9225","0.9211","0.9258","0.9202","","0.17%"
"12/10/2021","0.9209","0.9236","0.9258","0.9199","","-0.25%"
"12/09/2021","0.9232","0.9202","0.9266","0.9199","","0.32%"
"12/08/2021","0.9203","0.9254","0.9257","0.9195","","-0.52%"
"12/07/2021","0.9251","0.9258","0.9277","0.9230","","-0.05%"
"12/06/2021","0.9256","0.9174","0.9270","0.9164","","0.85%"
"12/03/2021","0.9178","0.9204","0.9219","0.9165","","-0.26%"
"12/02/2021","0.9202","0.9205","0.9223","0.9178","","-0.02%"
"12/01/2021","0.9204","0.9189","0.9223","0.9169","","0.20%"
"11/30/2021","0.9186","0.9233","0.9268","0.9157","","-0.48%"
"11/29/2021","0.9230","0.9241","0.9274","0.9226","","-0.10%"
"11/26/2021","0.9239","0.9362","0.9368","0.9217","","-1.28%"
"11/25/2021","0.9359","0.9339","0.9364","0.9324","","0.15%"
"11/24/2021","0.9345","0.9329","0.9375","0.9321","","0.17%"
"11/23/2021","0.9329","0.9312","0.9346","0.9301","","-0.01%"
"11/22/2021","0.9330","0.9288","0.9336","0.9266","","0.53%"
"11/19/2021","0.9281","0.9263","0.9292","0.9250","","0.23%"
"11/18/2021","0.9260","0.9282","0.9294","0.9251","","-0.24%"
"11/17/2021","0.9282","0.9298","0.9332","0.9276","","-0.17%"
"11/16/2021","0.9298","0.9251","0.9313","0.9236","","0.52%"
"11/15/2021","0.9250","0.9216","0.9258","0.9187","","0.40%"
"11/12/2021","0.9213","0.9206","0.9239","0.9202","","0.07%"
"11/11/2021","0.9207","0.9180","0.9226","0.9174","","0.35%"
"11/10/2021","0.9175","0.9114","0.9188","0.9106","","0.70%"
"11/09/2021","0.9111","0.9131","0.9155","0.9101","","-0.26%"
"11/08/2021","0.9135","0.9129","0.9159","0.9117","","0.15%"
"11/05/2021","0.9121","0.9129","0.9177","0.9112","","-0.03%"
"11/04/2021","0.9124","0.9118","0.9146","0.9111","","0.09%"
"11/03/2021","0.9116","0.9144","0.9154","0.9105","","-0.31%"
"11/02/2021","0.9144","0.9091","0.9152","0.9087","","0.59%"
"11/01/2021","0.9090","0.9164","0.9173","0.9088","","-0.72%"
"10/29/2021","0.9156","0.9120","0.9177","0.9102","","0.43%"
"10/28/2021","0.9117","0.9183","0.9196","0.9115","","-0.69%"
"10/27/2021","0.9180","0.9203","0.9211","0.9164","","-0.23%"
"10/26/2021","0.9201","0.9198","0.9228","0.9187","","0.03%"
"10/25/2021","0.9198","0.9161","0.9204","0.9150","","0.44%"
"10/22/2021","0.9158","0.9184","0.9187","0.9151","","-0.26%"
"10/21/2021","0.9182","0.9188","0.9208","0.9170","","-0.07%"
"10/20/2021","0.9188","0.9230","0.9254","0.9186","","-0.43%"
"10/19/2021","0.9228","0.9240","0.9245","0.9185","","-0.10%"
"10/18/2021","0.9237","0.9238","0.9274","0.9223","","0.12%"
"10/15/2021","0.9226","0.9233","0.9266","0.9222","","-0.08%"
"10/14/2021","0.9233","0.9243","0.9247","0.9194","","-0.10%"
"10/13/2021","0.9242","0.9312","0.9313","0.9235","","-0.69%"
"10/12/2021","0.9306","0.9275","0.9315","0.9256","","0.33%"
"10/11/2021","0.9275","0.9273","0.9289","0.9249","","0.04%"
"10/08/2021","0.9271","0.9286","0.9308","0.9259","","-0.19%"
"10/07/2021","0.9289","0.9274","0.9294","0.9253","","0.18%"
"10/06/2021","0.9272","0.9281","0.9309","0.9271","","-0.05%"
"10/05/2021","0.9277","0.9253","0.9289","0.9237","","0.32%"
"10/04/2021","0.9247","0.9308","0.9318","0.9231","","-0.67%"
"10/01/2021","0.9309","0.9319","0.9339","0.9281","","-0.06%"
"09/30/2021","0.9315","0.9343","0.9370","0.9315","","-0.35%"
"09/29/2021","0.9348","0.9297","0.9357","0.9279","","0.60%"
"09/28/2021","0.9292","0.9258","0.9303","0.9255","","0.39%"
"09/27/2021","0.9256","0.9247","0.9292","0.9239","","0.18%"
"09/24/2021","0.9239","0.9243","0.9262","0.9222","","-0.01%"
"09/23/2021","0.9240","0.9264","0.9276","0.9216","","-0.23%"
"09/22/2021","0.9261","0.9236","0.9275","0.9216","","0.30%"
"09/21/2021","0.9233","0.9279","0.9285","0.9225","","-0.46%"
"09/20/2021","0.9276","0.9319","0.9334","0.9271","","-0.50%"
"09/17/2021","0.9323","0.9277","0.9328","0.9260","","0.52%"
"09/16/2021","0.9275","0.9201","0.9279","0.9191","","0.86%"
"09/15/2021","0.9196","0.9199","0.9207","0.9163","","-0.07%"
"09/14/2021","0.9202","0.9226","0.9230","0.9181","","-0.21%"
"09/13/2021","0.9221","0.9183","0.9243","0.9174","","0.49%"
"09/10/2021","0.9176","0.9171","0.9188","0.9149","","0.09%"
"09/09/2021","0.9168","0.9221","0.9225","0.9161","","-0.56%"
"09/08/2021","0.9220","0.9198","0.9236","0.9183","","0.27%"
"09/07/2021","0.9195","0.9152","0.9200","0.9132","","0.51%"
"09/06/2021","0.9148","0.9137","0.9170","0.9133","","0.14%"
"09/03/2021","0.9135","0.9143","0.9161","0.9115","","-0.07%"
"09/02/2021","0.9141","0.9153","0.9169","0.9140","","-0.10%"
"09/01/2021","0.9150","0.9150","0.9191","0.9139","","0.00%"
"08/31/2021","0.9150","0.9169","0.9176","0.9114","","-0.20%"
"08/30/2021","0.9168","0.9131","0.9186","0.9101","","0.63%"
"08/27/2021","0.9111","0.9177","0.9201","0.9106","","-0.71%"
"08/26/2021","0.9176","0.9139","0.9193","0.9125","","0.44%"
"08/25/2021","0.9136","0.9124","0.9159","0.9119","","0.15%"
"08/24/2021","0.9122","0.9124","0.9140","0.9110","","0.00%"
"08/23/2021","0.9122","0.9169","0.9181","0.9122","","-0.53%"
"08/20/2021","0.9171","0.9189","0.9197","0.9158","","-0.17%"
"08/19/2021","0.9187","0.9170","0.9208","0.9145","","0.21%"
"08/18/2021","0.9168","0.9146","0.9198","0.9126","","0.26%"
"08/17/2021","0.9144","0.9122","0.9153","0.9100","","0.26%"
"08/16/2021","0.9120","0.9162","0.9168","0.9109","","-0.37%"
"08/13/2021","0.9154","0.9231","0.9241","0.9151","","-0.84%"
"08/12/2021","0.9232","0.9221","0.9241","0.9211","","0.15%"
"08/11/2021","0.9218","0.9230","0.9244","0.9203","","-0.09%"
"08/10/2021","0.9226","0.9208","0.9236","0.9193","","0.23%"
"08/09/2021","0.9205","0.9145","0.9208","0.9134","","0.67%"
"08/06/2021","0.9144","0.9073","0.9158","0.9064","","0.77%"
"08/05/2021","0.9074","0.9069","0.9079","0.9051","","0.07%"
"08/04/2021","0.9068","0.9036","0.9078","0.9018","","0.35%"
"08/03/2021","0.9036","0.9057","0.9059","0.9022","","-0.20%"
"08/02/2021","0.9054","0.9063","0.9069","0.9037","","0.00%"
"07/30/2021","0.9054","0.9063","0.9077","0.9039","","-0.09%"
"07/29/2021","0.9062","0.9100","0.9105","0.9054","","-0.41%"
"07/28/2021","0.9099","0.9145","0.9168","0.9099","","-0.48%"
"07/27/2021","0.9143","0.9165","0.9188","0.9129","","-0.17%"
"07/26/2021","0.9159","0.9205","0.9207","0.9149","","-0.34%"
"07/23/2021","0.9190","0.9189","0.9223","0.9186","","0.02%"
"07/22/2021","0.9188","0.9177","0.9203","0.9155","","0.14%"
"07/21/2021","0.9175","0.9217","0.9232","0.9169","","-0.46%"
"07/20/2021","0.9217","0.9181","0.9234","0.9173","","0.41%"
"07/19/2021","0.9179","0.9192","0.9223","0.9163","","-0.16%"
"07/16/2021","0.9194","0.9178","0.9205","0.9171","","0.20%"
"07/15/2021","0.9176","0.9156","0.9195","0.9118","","0.30%"
"07/14/2021","0.9149","0.9187","0.9200","0.9142","","-0.38%"
"07/13/2021","0.9184","0.9151","0.9202","0.9143","","0.38%"
"07/12/2021","0.9149","0.9153","0.9173","0.9132","","0.12%"
"07/09/2021","0.9138","0.9157","0.9176","0.9135","","-0.19%"
"07/08/2021","0.9155","0.9257","0.9263","0.9133","","-1.06%"
"07/07/2021","0.9253","0.9242","0.9268","0.9223","","0.13%"
"07/06/2021","0.9241","0.9223","0.9253","0.9193","","0.24%"
"07/05/2021","0.9219","0.9214","0.9234","0.9204","","0.14%"
"07/02/2021","0.9206","0.9258","0.9276","0.9200","","-0.50%"
"07/01/2021","0.9252","0.9249","0.9273","0.9236","","0.03%"
"06/30/2021","0.9249","0.9206","0.9264","0.9205","","0.47%"
"06/29/2021","0.9206","0.9196","0.9234","0.9189","","0.14%"
"06/28/2021","0.9193","0.9178","0.9216","0.9166","","0.20%"
"06/25/2021","0.9175","0.9179","0.9185","0.9142","","0.00%"
"06/24/2021","0.9175","0.9186","0.9201","0.9174","","-0.13%"
"06/23/2021","0.9187","0.9178","0.9201","0.9154","","0.10%"
"06/22/2021","0.9178","0.9178","0.9214","0.9173","","0.00%"
"06/21/2021","0.9178","0.9206","0.9238","0.9175","","-0.50%"
"06/18/2021","0.9224","0.9181","0.9241","0.9167","","0.56%"
"06/17/2021","0.9173","0.9087","0.9189","0.9076","","0.97%"
"06/16/2021","0.9085","0.8977","0.9090","0.8976","","1.18%"
"06/15/2021","0.8979","0.9000","0.9009","0.8965","","-0.21%"
"06/14/2021","0.8998","0.8990","0.9003","0.8977","","0.21%"
"06/11/2021","0.8979","0.8944","0.9001","0.8932","","0.40%"
"06/10/2021","0.8943","0.8956","0.8992","0.8940","","-0.15%"
"06/09/2021","0.8956","0.8968","0.8973","0.8926","","-0.11%"
"06/08/2021","0.8966","0.8977","0.8991","0.8951","","-0.09%"
"06/07/2021","0.8974","0.8989","0.9012","0.8967","","-0.20%"
"06/04/2021","0.8992","0.9035","0.9055","0.8982","","-0.46%"
"06/03/2021","0.9034","0.8978","0.9053","0.8976","","0.65%"
"06/02/2021","0.8976","0.8970","0.9026","0.8964","","0.09%"
"06/01/2021","0.8968","0.8991","0.9000","0.8946","","-0.27%"
"05/31/2021","0.8992","0.9005","0.9014","0.8983","","-0.06%"
"05/28/2021","0.8997","0.8967","0.9032","0.8966","","0.32%"
"05/27/2021","0.8968","0.8984","0.9010","0.8960","","-0.12%"
"05/26/2021","0.8979","0.8958","0.8989","0.8941","","0.29%"
"05/25/2021","0.8953","0.8972","0.8979","0.8930","","-0.18%"
"05/24/2021","0.8969","0.8980","0.9004","0.8957","","-0.08%"
"05/21/2021","0.8976","0.8974","0.9002","0.8953","","0.06%"
"05/20/2021","0.8971","0.9042","0.9049","0.8973","","-0.74%"
"05/19/2021","0.9038","0.8978","0.9049","0.8968","","0.69%"
"05/18/2021","0.8976","0.9034","0.9036","0.8960","","-0.62%"
"05/17/2021","0.9032","0.9024","0.9035","0.9002","","0.23%"
"05/14/2021","0.9011","0.9064","0.9065","0.9012","","-0.53%"
"05/13/2021","0.9059","0.9094","0.9098","0.9051","","-0.35%"
"05/12/2021","0.9091","0.9037","0.9095","0.9026","","0.60%"
"05/11/2021","0.9037","0.9010","0.9041","0.9001","","0.29%"
"05/10/2021","0.9011","0.9020","0.9027","0.8986","","0.01%"
"05/07/2021","0.9010","0.9073","0.9095","0.9004","","-0.66%"
"05/06/2021","0.9070","0.9131","0.9147","0.9071","","-0.64%"
"05/05/2021","0.9128","0.9139","0.9166","0.9122","","-0.08%"
"05/04/2021","0.9135","0.9108","0.9162","0.9103","","0.29%"
"05/03/2021","0.9109","0.9129","0.9149","0.9093","","-0.26%"
"04/30/2021","0.9133","0.9088","0.9142","0.9079","","0.55%"
"04/29/2021","0.9083","0.9103","0.9121","0.9080","","-0.12%"
"04/28/2021","0.9094","0.9134","0.9184","0.9088","","-0.44%"
"04/27/2021","0.9134","0.9144","0.9173","0.9123","","-0.05%"
"04/26/2021","0.9139","0.9142","0.9167","0.9121","","0.05%"
"04/23/2021","0.9134","0.9172","0.9180","0.9128","","-0.35%"
"04/22/2021","0.9166","0.9172","0.9192","0.9144","","-0.03%"
"04/21/2021","0.9169","0.9163","0.9197","0.9153","","0.12%"
"04/20/2021","0.9158","0.9147","0.9171","0.9135","","0.09%"
"04/19/2021","0.9150","0.9194","0.9217","0.9128","","-0.54%"
"04/16/2021","0.9200","0.9230","0.9237","0.9179","","-0.28%"
"04/15/2021","0.9226","0.9227","0.9247","0.9206","","0.02%"
"04/14/2021","0.9224","0.9210","0.9235","0.9186","","0.17%"
"04/13/2021","0.9208","0.9227","0.9261","0.9198","","-0.17%"
"04/12/2021","0.9224","0.9263","0.9269","0.9213","","-0.26%"
"04/09/2021","0.9248","0.9248","0.9283","0.9236","","0.01%"
"04/08/2021","0.9247","0.9295","0.9305","0.9232","","-0.51%"
"04/07/2021","0.9294","0.9310","0.9322","0.9268","","-0.15%"
"04/06/2021","0.9308","0.9365","0.9397","0.9302","","-0.60%"
"04/05/2021","0.9364","0.9424","0.9441","0.9354","","-0.61%"
"04/02/2021","0.9421","0.9423","0.9435","0.9404","","0.01%"
"04/01/2021","0.9420","0.9435","0.9474","0.9405","","-0.15%"
"03/31/2021","0.9434","0.9422","0.9460","0.9403","","0.15%"
"03/30/2021","0.9420","0.9395","0.9440","0.9385","","0.32%"
"03/29/2021","0.9390","0.9390","0.9406","0.9370","","0.01%"
"03/26/2021","0.9389","0.9401","0.9419","0.9382","","-0.12%"
"03/25/2021","0.9400","0.9357","0.9404","0.9349","","0.48%"
"03/24/2021","0.9355","0.9340","0.9371","0.9337","","0.18%"
"03/23/2021","0.9338","0.9234","0.9348","0.9229","","1.17%"
"03/22/2021","0.9230","0.9296","0.9313","0.9222","","-0.67%"
"03/19/2021","0.9292","0.9272","0.9321","0.9251","","0.25%"
"03/18/2021","0.9269","0.9227","0.9306","0.9219","","0.49%"
"03/17/2021","0.9224","0.9246","0.9297","0.9213","","-0.23%"
"03/16/2021","0.9245","0.9279","0.9289","0.9242","","-0.29%"
"03/15/2021","0.9272","0.9291","0.9314","0.9267","","-0.27%"
"03/12/2021","0.9297","0.9249","0.9326","0.9239","","0.60%"
"03/11/2021","0.9242","0.9300","0.9310","0.9234","","-0.57%"
"03/10/2021","0.9295","0.9283","0.9324","0.9274","","0.22%"
"03/09/2021","0.9275","0.9368","0.9377","0.9276","","-0.96%"
"03/08/2021","0.9365","0.9295","0.9371","0.9288","","0.60%"
"03/05/2021","0.9309","0.9288","0.9320","0.9258","","0.26%"
"03/04/2021","0.9285","0.9200","0.9299","0.9186","","0.96%"
"03/03/2021","0.9197","0.9148","0.9201","0.9140","","0.56%"
"03/02/2021","0.9146","0.9155","0.9195","0.9136","","-0.02%"
"03/01/2021","0.9148","0.9097","0.9160","0.9071","","0.73%"
"02/26/2021","0.9082","0.9044","0.9104","0.9026","","0.43%"
"02/25/2021","0.9043","0.9065","0.9083","0.9028","","-0.22%"
"02/24/2021","0.9063","0.9054","0.9096","0.9044","","0.14%"
"02/23/2021","0.9050","0.8962","0.9059","0.8948","","1.00%"
"02/22/2021","0.8960","0.8964","0.9025","0.8948","","-0.02%"
"02/19/2021","0.8962","0.8958","0.8974","0.8933","","0.06%"
"02/18/2021","0.8957","0.8989","0.8997","0.8957","","-0.32%"
"02/17/2021","0.8986","0.8923","0.8994","0.8923","","0.71%"
"02/16/2021","0.8923","0.8903","0.8931","0.8871","","0.25%"
"02/15/2021","0.8901","0.8925","0.8927","0.8897","","-0.12%"
"02/12/2021","0.8912","0.8902","0.8942","0.8897","","0.13%"
"02/11/2021","0.8900","0.8903","0.8912","0.8892","","0.00%"
"02/10/2021","0.8900","0.8926","0.8938","0.8890","","-0.24%"
"02/09/2021","0.8921","0.8987","0.8994","0.8919","","-0.72%"
"02/08/2021","0.8986","0.8998","0.9021","0.8982","","-0.02%"
"02/05/2021","0.8988","0.9044","0.9048","0.8987","","-0.61%"
"02/04/2021","0.9043","0.8992","0.9047","0.8983","","0.60%"
"02/03/2021","0.8989","0.8973","0.9004","0.8970","","0.20%"
"02/02/2021","0.8971","0.8971","0.8997","0.8947","","0.03%"
"02/01/2021","0.8968","0.8903","0.8974","0.8899","","0.73%"
"01/29/2021","0.8903","0.8889","0.8913","0.8874","","0.18%"
"01/28/2021","0.8887","0.8890","0.8920","0.8870","","0.00%"
"01/27/2021","0.8887","0.8870","0.8918","0.8860","","0.24%"
"01/26/2021","0.8866","0.8884","0.8898","0.8860","","-0.18%"
"01/25/2021","0.8882","0.8856","0.8894","0.8846","","0.34%"
"01/22/2021","0.8852","0.8851","0.8868","0.8837","","0.01%"
"01/21/2021","0.8851","0.8898","0.8903","0.8847","","-0.49%"
"01/20/2021","0.8895","0.8886","0.8922","0.8866","","0.11%"
"01/19/2021","0.8885","0.8905","0.8918","0.8863","","-0.24%"
"01/18/2021","0.8906","0.8907","0.8927","0.8897","","-0.01%"
"01/15/2021","0.8907","0.8884","0.8917","0.8868","","0.30%"
"01/14/2021","0.8880","0.8878","0.8919","0.8854","","0.05%"
"01/13/2021","0.8876","0.8865","0.8891","0.8848","","0.15%"
"01/12/2021","0.8863","0.8903","0.8918","0.8860","","-0.44%"
"01/11/2021","0.8902","0.8850","0.8922","0.8847","","0.54%"
"01/08/2021","0.8854","0.8854","0.8886","0.8822","","0.03%"
"01/07/2021","0.8851","0.8784","0.8862","0.8773","","0.77%"
"01/06/2021","0.8783","0.8784","0.8823","0.8756","","0.00%"
"01/05/2021","0.8783","0.8816","0.8822","0.8775","","-0.34%"
"01/04/2021","0.8813","0.8820","0.8850","0.8784","","-0.43%"
"01/01/2021","0.8851","0.8851","0.8851","0.8851","","0.00%"
"12/31/2020","0.8851","0.8812","0.8860","0.8792","","0.47%"
"12/30/2020","0.8810","0.8841","0.8856","0.8811","","-0.37%"
"12/29/2020","0.8843","0.8893","0.8900","0.8829","","-0.46%"
"12/28/2020","0.8884","0.8894","0.8920","0.8875","","-0.06%"
"12/25/2020","0.8889","0.8908","0.8915","0.8888","","-0.19%"
"12/24/2020","0.8906","0.8881","0.8921","0.8866","","0.32%"
"12/23/2020","0.8878","0.8898","0.8913","0.8867","","-0.20%"
"12/22/2020","0.8896","0.8858","0.8906","0.8845","","0.46%"
"12/21/2020","0.8855","0.8852","0.8920","0.8841","","0.26%"
"12/18/2020","0.8832","0.8846","0.8869","0.8824","","-0.12%"
"12/17/2020","0.8843","0.8850","0.8865","0.8821","","-0.14%"
"12/16/2020","0.8855","0.8858","0.8893","0.8825","","-0.01%"
"12/15/2020","0.8856","0.8868","0.8882","0.8849","","-0.08%"
"12/14/2020","0.8863","0.8888","0.8905","0.8849","","-0.34%"
"12/11/2020","0.8893","0.8856","0.8910","0.8850","","0.40%"
"12/10/2020","0.8858","0.8893","0.8903","0.8851","","-0.38%"
"12/09/2020","0.8892","0.8893","0.8916","0.8870","","0.02%"
"12/08/2020","0.8890","0.8906","0.8916","0.8880","","-0.18%"
"12/07/2020","0.8906","0.8898","0.8948","0.8875","","-0.17%"
"12/04/2020","0.8921","0.8912","0.8925","0.8884","","0.13%"
"12/03/2020","0.8909","0.8944","0.8956","0.8890","","-0.37%"
"12/02/2020","0.8942","0.8996","0.9015","0.8942","","-0.61%"
"12/01/2020","0.8997","0.9090","0.9096","0.8993","","-1.02%"
"11/30/2020","0.9090","0.9049","0.9095","0.9018","","0.54%"
"11/27/2020","0.9041","0.9067","0.9084","0.9040","","-0.22%"
"11/26/2020","0.9061","0.9082","0.9095","0.9060","","-0.21%"
"11/25/2020","0.9080","0.9113","0.9140","0.9077","","-0.34%"
"11/24/2020","0.9111","0.9127","0.9140","0.9097","","-0.15%"
"11/23/2020","0.9125","0.9112","0.9149","0.9075","","0.18%"
"11/20/2020","0.9109","0.9108","0.9125","0.9090","","0.00%"
"11/19/2020","0.9109","0.9112","0.9140","0.9099","","0.00%"
"11/18/2020","0.9109","0.9114","0.9124","0.9090","","-0.02%"
"11/17/2020","0.9111","0.9126","0.9132","0.9087","","-0.18%"
"11/16/2020","0.9127","0.9128","0.9153","0.9097","","0.01%"
"11/13/2020","0.9126","0.9148","0.9160","0.9125","","-0.24%"
"11/12/2020","0.9148","0.9174","0.9181","0.9130","","-0.27%"
"11/11/2020","0.9173","0.9152","0.9194","0.9136","","0.22%"
"11/10/2020","0.9153","0.9136","0.9177","0.9113","","0.22%"
"11/09/2020","0.9133","0.9000","0.9145","0.8982","","1.42%"
"11/06/2020","0.9005","0.9042","0.9065","0.8981","","-0.39%"
"11/05/2020","0.9040","0.9129","0.9140","0.9035","","-0.92%"
"11/04/2020","0.9124","0.9123","0.9201","0.9091","","0.08%"
"11/03/2020","0.9117","0.9191","0.9194","0.9115","","-0.76%"
"11/02/2020","0.9187","0.9157","0.9209","0.9150","","0.22%"
"10/30/2020","0.9167","0.9158","0.9175","0.9136","","0.16%"
"10/29/2020","0.9152","0.9105","0.9174","0.9088","","0.54%"
"10/28/2020","0.9103","0.9086","0.9129","0.9084","","0.20%"
"10/27/2020","0.9085","0.9077","0.9099","0.9060","","0.12%"
"10/26/2020","0.9074","0.9048","0.9082","0.9040","","0.35%"
"10/23/2020","0.9042","0.9071","0.9097","0.9033","","-0.30%"
"10/22/2020","0.9069","0.9056","0.9082","0.9045","","0.18%"
"10/21/2020","0.9053","0.9070","0.9077","0.9029","","-0.18%"
"10/20/2020","0.9069","0.9097","0.9112","0.9054","","-0.36%"
"10/19/2020","0.9102","0.9151","0.9167","0.9089","","-0.48%"
"10/16/2020","0.9146","0.9152","0.9165","0.9122","","-0.03%"
"10/15/2020","0.9149","0.9138","0.9158","0.9125","","0.12%"
"10/14/2020","0.9138","0.9152","0.9164","0.9112","","-0.12%"
"10/13/2020","0.9149","0.9093","0.9157","0.9088","","0.64%"
"10/12/2020","0.9091","0.9100","0.9125","0.9086","","-0.11%"
"10/09/2020","0.9101","0.9169","0.9179","0.9093","","-0.72%"
"10/08/2020","0.9167","0.9174","0.9198","0.9156","","-0.05%"
"10/07/2020","0.9172","0.9180","0.9186","0.9158","","-0.05%"
"10/06/2020","0.9177","0.9153","0.9181","0.9132","","0.26%"
"10/05/2020","0.9153","0.9208","0.9209","0.9144","","-0.61%"
"10/02/2020","0.9209","0.9191","0.9220","0.9180","","0.28%"
"10/01/2020","0.9183","0.9209","0.9217","0.9163","","-0.26%"
"09/30/2020","0.9207","0.9196","0.9246","0.9162","","0.16%"
"09/29/2020","0.9192","0.9246","0.9252","0.9189","","-0.56%"
"09/28/2020","0.9244","0.9284","0.9299","0.9240","","-0.43%"
"09/25/2020","0.9284","0.9267","0.9298","0.9249","","0.19%"
"09/24/2020","0.9266","0.9241","0.9282","0.9214","","0.30%"
"09/23/2020","0.9238","0.9198","0.9245","0.9189","","0.50%"
"09/22/2020","0.9192","0.9148","0.9210","0.9136","","0.54%"
"09/21/2020","0.9143","0.9113","0.9172","0.9086","","0.30%"
"09/18/2020","0.9116","0.9083","0.9119","0.9075","","0.36%"
"09/17/2020","0.9083","0.9094","0.9140","0.9080","","-0.10%"
"09/16/2020","0.9092","0.9085","0.9113","0.9054","","0.13%"
"09/15/2020","0.9080","0.9084","0.9090","0.9051","","-0.03%"
"09/14/2020","0.9083","0.9095","0.9100","0.9058","","-0.03%"
"09/11/2020","0.9086","0.9106","0.9110","0.9079","","-0.20%"
"09/10/2020","0.9104","0.9126","0.9135","0.9049","","-0.21%"
"09/09/2020","0.9123","0.9176","0.9192","0.9120","","-0.55%"
"09/08/2020","0.9173","0.9162","0.9201","0.9156","","0.15%"
"09/07/2020","0.9159","0.9130","0.9172","0.9121","","0.31%"
"09/04/2020","0.9131","0.9094","0.9165","0.9089","","0.42%"
"09/03/2020","0.9093","0.9105","0.9144","0.9083","","-0.13%"
"09/02/2020","0.9105","0.9094","0.9138","0.9088","","0.14%"
"09/01/2020","0.9092","0.9036","0.9102","0.8998","","0.63%"
"08/31/2020","0.9035","0.9041","0.9056","0.8999","","-0.03%"
"08/28/2020","0.9038","0.9091","0.9105","0.9024","","-0.55%"
"08/27/2020","0.9088","0.9079","0.9124","0.9036","","0.08%"
"08/26/2020","0.9081","0.9077","0.9122","0.9072","","0.07%"
"08/25/2020","0.9075","0.9121","0.9128","0.9074","","-0.46%"
"08/24/2020","0.9117","0.9118","0.9129","0.9075","","0.02%"
"08/21/2020","0.9115","0.9074","0.9141","0.9060","","0.43%"
"08/20/2020","0.9076","0.9153","0.9163","0.9072","","-0.81%"
"08/19/2020","0.9150","0.9038","0.9157","0.9018","","1.25%"
"08/18/2020","0.9037","0.9068","0.9069","0.9010","","-0.30%"
"08/17/2020","0.9064","0.9098","0.9101","0.9051","","-0.29%"
"08/14/2020","0.9090","0.9104","0.9125","0.9086","","-0.07%"
"08/13/2020","0.9096","0.9121","0.9137","0.9082","","-0.26%"
"08/12/2020","0.9120","0.9168","0.9202","0.9097","","-0.51%"
"08/11/2020","0.9167","0.9157","0.9180","0.9105","","0.12%"
"08/10/2020","0.9156","0.9136","0.9186","0.9120","","0.36%"
"08/07/2020","0.9123","0.9098","0.9160","0.9091","","0.29%"
"08/06/2020","0.9097","0.9086","0.9130","0.9064","","0.15%"
"08/05/2020","0.9083","0.9133","0.9141","0.9050","","-0.54%"
"08/04/2020","0.9132","0.9177","0.9194","0.9130","","-0.49%"
"08/03/2020","0.9177","0.9113","0.9242","0.9112","","0.55%"
"07/31/2020","0.9127","0.9089","0.9150","0.9056","","0.44%"
"07/30/2020","0.9087","0.9127","0.9156","0.9088","","-0.41%"
"07/29/2020","0.9124","0.9181","0.9189","0.9117","","-0.60%"
"07/28/2020","0.9179","0.9199","0.9229","0.9155","","-0.20%"
"07/27/2020","0.9197","0.9217","0.9231","0.9166","","-0.10%"
"07/24/2020","0.9206","0.9255","0.9262","0.9203","","-0.51%"
"07/23/2020","0.9253","0.9298","0.9304","0.9245","","-0.45%"
"07/22/2020","0.9295","0.9333","0.9353","0.9286","","-0.39%"
"07/21/2020","0.9331","0.9389","0.9402","0.9321","","-0.60%"
"07/20/2020","0.9387","0.9401","0.9412","0.9373","","0.03%"
"07/17/2020","0.9384","0.9454","0.9464","0.9379","","-0.73%"
"07/16/2020","0.9453","0.9446","0.9469","0.9429","","0.13%"
"07/15/2020","0.9441","0.9396","0.9459","0.9370","","0.49%"
"07/14/2020","0.9395","0.9417","0.9426","0.9380","","-0.19%"
"07/13/2020","0.9413","0.9416","0.9439","0.9391","","0.05%"
"07/10/2020","0.9408","0.9401","0.9433","0.9385","","0.06%"
"07/09/2020","0.9402","0.9383","0.9411","0.9362","","0.22%"
"07/08/2020","0.9381","0.9425","0.9434","0.9370","","-0.42%"
"07/07/2020","0.9421","0.9422","0.9454","0.9408","","0.02%"
"07/06/2020","0.9419","0.9461","0.9464","0.9384","","-0.40%"
"07/03/2020","0.9457","0.9454","0.9472","0.9441","","0.06%"
"07/02/2020","0.9451","0.9458","0.9466","0.9426","","-0.06%"
"07/01/2020","0.9457","0.9473","0.9495","0.9444","","-0.15%"
"06/30/2020","0.9471","0.9513","0.9534","0.9462","","-0.42%"
"06/29/2020","0.9511","0.9481","0.9526","0.9441","","0.34%"
"06/26/2020","0.9479","0.9483","0.9501","0.9467","","-0.04%"
"06/25/2020","0.9483","0.9480","0.9509","0.9472","","0.06%"
"06/24/2020","0.9477","0.9449","0.9488","0.9432","","0.34%"
"06/23/2020","0.9445","0.9476","0.9496","0.9420","","-0.32%"
"06/22/2020","0.9475","0.9519","0.9531","0.9465","","-0.50%"
"06/19/2020","0.9523","0.9514","0.9532","0.9488","","0.09%"
"06/18/2020","0.9514","0.9487","0.9526","0.9482","","0.30%"
"06/17/2020","0.9486","0.9511","0.9530","0.9481","","-0.26%"
"06/16/2020","0.9511","0.9491","0.9524","0.9463","","0.22%"
"06/15/2020","0.9490","0.9525","0.9549","0.9480","","-0.35%"
"06/12/2020","0.9523","0.9443","0.9555","0.9434","","0.88%"
"06/11/2020","0.9440","0.9439","0.9464","0.9375","","-0.04%"
"06/10/2020","0.9444","0.9507","0.9516","0.9423","","-0.65%"
"06/09/2020","0.9506","0.9575","0.9588","0.9482","","-0.73%"
"06/08/2020","0.9576","0.9625","0.9641","0.9556","","-0.50%"
"06/05/2020","0.9624","0.9556","0.9652","0.9542","","0.74%"
"06/04/2020","0.9553","0.9616","0.9629","0.9543","","-0.61%"
"06/03/2020","0.9612","0.9623","0.9649","0.9607","","-0.09%"
"06/02/2020","0.9621","0.9607","0.9639","0.9573","","0.15%"
"06/01/2020","0.9607","0.9615","0.9627","0.9579","","-0.05%"
"05/29/2020","0.9612","0.9641","0.9653","0.9601","","-0.32%"
"05/28/2020","0.9643","0.9684","0.9720","0.9630","","-0.41%"
"05/27/2020","0.9683","0.9655","0.9729","0.9649","","0.30%"
"05/26/2020","0.9654","0.9721","0.9726","0.9646","","-0.68%"
"05/25/2020","0.9720","0.9717","0.9737","0.9703","","0.11%"
"05/22/2020","0.9709","0.9705","0.9734","0.9697","","0.06%"
"05/21/2020","0.9703","0.9650","0.9715","0.9644","","0.56%"
"05/20/2020","0.9649","0.9715","0.9720","0.9638","","-0.65%"
"05/19/2020","0.9712","0.9712","0.9731","0.9698","","0.02%"
"05/18/2020","0.9710","0.9720","0.9761","0.9677","","-0.04%"
"05/15/2020","0.9714","0.9731","0.9746","0.9697","","-0.16%"
"05/14/2020","0.9730","0.9721","0.9757","0.9713","","0.11%"
"05/13/2020","0.9719","0.9695","0.9728","0.9665","","0.27%"
"05/12/2020","0.9693","0.9732","0.9752","0.9665","","-0.37%"
"05/11/2020","0.9729","0.9711","0.9738","0.9700","","0.24%"
"05/08/2020","0.9706","0.9730","0.9741","0.9680","","-0.23%"
"05/07/2020","0.9728","0.9751","0.9785","0.9728","","-0.21%"
"05/06/2020","0.9748","0.9727","0.9760","0.9719","","0.24%"
"05/05/2020","0.9725","0.9650","0.9736","0.9645","","0.79%"
"05/04/2020","0.9649","0.9613","0.9664","0.9610","","0.38%"
"05/01/2020","0.9612","0.9657","0.9672","0.9588","","-0.41%"
"04/30/2020","0.9652","0.9738","0.9761","0.9639","","-0.85%"
"04/29/2020","0.9735","0.9753","0.9770","0.9712","","-0.15%"
"04/28/2020","0.9750","0.9755","0.9801","0.9720","","-0.02%"
"04/27/2020","0.9752","0.9739","0.9768","0.9712","","0.23%"
"04/24/2020","0.9730","0.9760","0.9804","0.9725","","-0.29%"
"04/23/2020","0.9758","0.9717","0.9774","0.9706","","0.46%"
"04/22/2020","0.9713","0.9697","0.9733","0.9668","","0.19%"
"04/21/2020","0.9695","0.9679","0.9728","0.9670","","0.19%"
"04/20/2020","0.9677","0.9672","0.9701","0.9655","","0.06%"
"04/17/2020","0.9671","0.9704","0.9726","0.9656","","-0.33%"
"04/16/2020","0.9703","0.9647","0.9717","0.9644","","0.61%"
"04/15/2020","0.9644","0.9604","0.9701","0.9595","","0.46%"
"04/14/2020","0.9600","0.9673","0.9684","0.9596","","-0.74%"
"04/13/2020","0.9672","0.9656","0.9688","0.9629","","0.11%"
"04/10/2020","0.9661","0.9663","0.9682","0.9639","","0.04%"
"04/09/2020","0.9657","0.9720","0.9735","0.9647","","-0.62%"
"04/08/2020","0.9717","0.9698","0.9745","0.9686","","0.26%"
"04/07/2020","0.9692","0.9787","0.9796","0.9684","","-0.96%"
"04/06/2020","0.9786","0.9771","0.9798","0.9760","","0.09%"
"04/03/2020","0.9777","0.9734","0.9798","0.9727","","0.42%"
"04/02/2020","0.9736","0.9656","0.9752","0.9649","","0.85%"
"04/01/2020","0.9654","0.9610","0.9694","0.9600","","0.48%"
"03/31/2020","0.9608","0.9584","0.9688","0.9579","","0.26%"
"03/30/2020","0.9583","0.9525","0.9612","0.9502","","0.75%"
"03/27/2020","0.9512","0.9636","0.9657","0.9505","","-1.23%"
"03/26/2020","0.9630","0.9768","0.9780","0.9602","","-1.40%"
"03/25/2020","0.9767","0.9816","0.9841","0.9754","","-0.49%"
"03/24/2020","0.9815","0.9847","0.9853","0.9717","","-0.30%"
"03/23/2020","0.9845","0.9858","0.9902","0.9790","","-0.20%"
"03/20/2020","0.9865","0.9860","0.9905","0.9744","","0.07%"
"03/19/2020","0.9858","0.9680","0.9883","0.9637","","1.86%"
"03/18/2020","0.9678","0.9610","0.9751","0.9567","","0.72%"
"03/17/2020","0.9609","0.9471","0.9650","0.9455","","1.48%"
"03/16/2020","0.9469","0.9538","0.9549","0.9392","","-0.28%"
"03/13/2020","0.9496","0.9441","0.9571","0.9421","","0.63%"
"03/12/2020","0.9437","0.9390","0.9557","0.9320","","0.53%"
"03/11/2020","0.9387","0.9404","0.9406","0.9325","","-0.11%"
"03/10/2020","0.9397","0.9253","0.9412","0.9245","","1.59%"
"03/09/2020","0.9250","0.9375","0.9378","0.9192","","-1.30%"
"03/06/2020","0.9372","0.9453","0.9468","0.9318","","-0.86%"
"03/05/2020","0.9453","0.9570","0.9575","0.9445","","-1.19%"
"03/04/2020","0.9567","0.9562","0.9598","0.9532","","0.07%"
"03/03/2020","0.9560","0.9596","0.9599","0.9516","","-0.32%"
"03/02/2020","0.9591","0.9663","0.9664","0.9543","","-0.64%"
"02/28/2020","0.9653","0.9676","0.9697","0.9609","","-0.24%"
"02/27/2020","0.9676","0.9769","0.9773","0.9674","","-0.93%"
"02/26/2020","0.9767","0.9760","0.9780","0.9728","","0.07%"
"02/25/2020","0.9760","0.9788","0.9806","0.9750","","-0.28%"
"02/24/2020","0.9787","0.9782","0.9817","0.9764","","0.07%"
"02/21/2020","0.9780","0.9843","0.9847","0.9770","","-0.60%"
"02/20/2020","0.9839","0.9839","0.9850","0.9815","","0.02%"
"02/19/2020","0.9837","0.9831","0.9846","0.9825","","0.06%"
"02/18/2020","0.9831","0.9809","0.9841","0.9796","","0.24%"
"02/17/2020","0.9807","0.9815","0.9828","0.9807","","-0.13%"
"02/14/2020","0.9820","0.9793","0.9824","0.9788","","0.29%"
"02/13/2020","0.9792","0.9783","0.9797","0.9760","","0.11%"
"02/12/2020","0.9781","0.9761","0.9787","0.9740","","0.25%"
"02/11/2020","0.9757","0.9772","0.9789","0.9750","","-0.13%"
"02/10/2020","0.9770","0.9774","0.9785","0.9762","","-0.07%"
"02/07/2020","0.9777","0.9743","0.9783","0.9738","","0.34%"
"02/06/2020","0.9744","0.9735","0.9758","0.9730","","0.12%"
"02/05/2020","0.9732","0.9693","0.9749","0.9677","","0.43%"
"02/04/2020","0.9690","0.9660","0.9706","0.9655","","0.34%"
"02/03/2020","0.9657","0.9645","0.9670","0.9629","","0.28%"
"01/31/2020","0.9630","0.9696","0.9715","0.9628","","-0.65%"
"01/30/2020","0.9693","0.9732","0.9741","0.9679","","-0.38%"
"01/29/2020","0.9730","0.9731","0.9768","0.9725","","0.02%"
"01/28/2020","0.9728","0.9697","0.9743","0.9678","","0.35%"
"01/27/2020","0.9694","0.9715","0.9721","0.9680","","-0.16%"
"01/24/2020","0.9710","0.9689","0.9720","0.9685","","0.24%"
"01/23/2020","0.9687","0.9679","0.9705","0.9668","","0.10%"
"01/22/2020","0.9677","0.9687","0.9730","0.9677","","-0.07%"
"01/21/2020","0.9684","0.9686","0.9691","0.9660","","0.05%"
"01/20/2020","0.9679","0.9679","0.9701","0.9673","","-0.01%"
"01/17/2020","0.9680","0.9647","0.9697","0.9644","","0.37%"
"01/16/2020","0.9644","0.9642","0.9654","0.9612","","0.03%"
"01/15/2020","0.9641","0.9674","0.9682","0.9629","","-0.32%"
"01/14/2020","0.9672","0.9710","0.9715","0.9665","","-0.36%"
"01/13/2020","0.9707","0.9736","0.9740","0.9694","","-0.16%"
"01/10/2020","0.9723","0.9732","0.9764","0.9719","","-0.08%"
"01/09/2020","0.9731","0.9739","0.9749","0.9710","","-0.06%"
"01/08/2020","0.9737","0.9703","0.9742","0.9665","","0.37%"
"01/07/2020","0.9701","0.9680","0.9731","0.9678","","0.22%"
"01/06/2020","0.9680","0.9719","0.9720","0.9675","","-0.46%"
"01/03/2020","0.9725","0.9713","0.9745","0.9687","","0.13%"
"01/02/2020","0.9712","0.9680","0.9734","0.9668","","0.36%"
"01/01/2020","0.9677","0.9681","0.9685","0.9675","","-0.01%"
"12/31/2019","0.9678","0.9695","0.9699","0.9645","","-0.14%"
"12/30/2019","0.9692","0.9748","0.9759","0.9673","","-0.57%"
"12/27/2019","0.9748","0.9812","0.9820","0.9729","","-0.65%"
"12/26/2019","0.9812","0.9802","0.9820","0.9794","","0.12%"
"12/25/2019","0.9800","0.9802","0.9817","0.9800","","-0.01%"
"12/24/2019","0.9801","0.9818","0.9833","0.9796","","-0.16%"
"12/23/2019","0.9817","0.9829","0.9831","0.9801","","-0.09%"
"12/20/2019","0.9826","0.9785","0.9834","0.9776","","0.44%"
"12/19/2019","0.9783","0.9804","0.9814","0.9769","","-0.20%"
"12/18/2019","0.9803","0.9804","0.9823","0.9794","","0.00%"
"12/17/2019","0.9803","0.9822","0.9846","0.9795","","-0.17%"
"12/16/2019","0.9820","0.9836","0.9847","0.9819","","-0.18%"
"12/13/2019","0.9838","0.9852","0.9864","0.9806","","-0.11%"
"12/12/2019","0.9849","0.9828","0.9878","0.9808","","0.21%"
"12/11/2019","0.9828","0.9846","0.9865","0.9813","","-0.14%"
"12/10/2019","0.9842","0.9881","0.9884","0.9833","","-0.37%"
"12/09/2019","0.9879","0.9900","0.9915","0.9874","","-0.23%"
"12/06/2019","0.9902","0.9873","0.9919","0.9863","","0.32%"
"12/05/2019","0.9870","0.9887","0.9897","0.9867","","-0.14%"
"12/04/2019","0.9884","0.9871","0.9901","0.9854","","0.15%"
"12/03/2019","0.9869","0.9913","0.9929","0.9856","","-0.42%"
"12/02/2019","0.9911","1.0006","1.0010","0.9910","","-0.87%"
"11/29/2019","0.9998","0.9985","1.0024","0.9980","","0.15%"
"11/28/2019","0.9983","0.9993","0.9998","0.9980","","-0.07%"
"11/27/2019","0.9990","0.9974","1.0002","0.9969","","0.21%"
"11/26/2019","0.9969","0.9966","0.9988","0.9961","","0.05%"
"11/25/2019","0.9964","0.9974","0.9987","0.9959","","-0.08%"
"11/22/2019","0.9972","0.9931","0.9982","0.9926","","0.44%"
"11/21/2019","0.9928","0.9909","0.9936","0.9890","","0.21%"
"11/20/2019","0.9907","0.9904","0.9937","0.9898","","0.05%"
"11/19/2019","0.9902","0.9895","0.9920","0.9886","","0.07%"
"11/18/2019","0.9895","0.9893","0.9916","0.9868","","-0.02%"
"11/15/2019","0.9897","0.9880","0.9912","0.9878","","0.19%"
"11/14/2019","0.9878","0.9901","0.9910","0.9870","","-0.21%"
"11/13/2019","0.9899","0.9932","0.9938","0.9884","","-0.30%"
"11/12/2019","0.9929","0.9933","0.9966","0.9922","","-0.03%"
"11/11/2019","0.9932","0.9966","0.9978","0.9929","","-0.40%"
"11/08/2019","0.9972","0.9953","0.9980","0.9942","","0.24%"
"11/07/2019","0.9948","0.9929","0.9977","0.9910","","0.22%"
"11/06/2019","0.9926","0.9930","0.9942","0.9914","","-0.01%"
"11/05/2019","0.9927","0.9878","0.9938","0.9875","","0.52%"
"11/04/2019","0.9876","0.9866","0.9890","0.9852","","0.22%"
"11/01/2019","0.9854","0.9864","0.9896","0.9850","","-0.09%"
"10/31/2019","0.9863","0.9895","0.9898","0.9859","","-0.29%"
"10/30/2019","0.9892","0.9940","0.9947","0.9888","","-0.45%"
"10/29/2019","0.9937","0.9946","0.9966","0.9933","","-0.07%"
"10/28/2019","0.9944","0.9944","0.9972","0.9934","","0.01%"
"10/25/2019","0.9943","0.9922","0.9957","0.9907","","0.22%"
"10/24/2019","0.9921","0.9903","0.9930","0.9890","","0.16%"
"10/23/2019","0.9905","0.9897","0.9916","0.9885","","0.11%"
"10/22/2019","0.9894","0.9860","0.9898","0.9855","","0.38%"
"10/21/2019","0.9857","0.9858","0.9877","0.9841","","0.16%"
"10/18/2019","0.9841","0.9880","0.9893","0.9840","","-0.38%"
"10/17/2019","0.9879","0.9948","0.9956","0.9866","","-0.69%"
"10/16/2019","0.9948","0.9987","0.9993","0.9945","","-0.36%"
"10/15/2019","0.9984","0.9973","0.9997","0.9962","","0.14%"
"10/14/2019","0.9970","0.9971","0.9985","0.9944","","0.05%"
"10/11/2019","0.9965","0.9971","0.9992","0.9956","","-0.04%"
"10/10/2019","0.9969","0.9960","0.9974","0.9914","","0.13%"
"10/09/2019","0.9956","0.9930","0.9965","0.9916","","0.29%"
"10/08/2019","0.9927","0.9948","0.9960","0.9904","","-0.19%"
"10/07/2019","0.9946","0.9957","0.9967","0.9926","","-0.07%"
"10/04/2019","0.9953","0.9991","1.0010","0.9928","","-0.38%"
"10/03/2019","0.9991","0.9970","1.0029","0.9952","","0.24%"
"10/02/2019","0.9967","0.9935","1.0027","0.9920","","0.34%"
"10/01/2019","0.9933","0.9980","1.0018","0.9922","","-0.45%"
"09/30/2019","0.9978","0.9915","0.9989","0.9903","","0.72%"
"09/27/2019","0.9907","0.9936","0.9950","0.9897","","-0.28%"
"09/26/2019","0.9935","0.9917","0.9950","0.9905","","0.18%"
"09/25/2019","0.9917","0.9856","0.9926","0.9852","","0.65%"
"09/24/2019","0.9853","0.9898","0.9916","0.9843","","-0.43%"
"09/23/2019","0.9896","0.9919","0.9924","0.9890","","-0.11%"
"09/20/2019","0.9907","0.9929","0.9937","0.9890","","-0.20%"
"09/19/2019","0.9927","0.9975","0.9986","0.9899","","-0.46%"
"09/18/2019","0.9973","0.9931","0.9985","0.9925","","0.43%"
"09/17/2019","0.9930","0.9928","0.9970","0.9912","","0.05%"
"09/16/2019","0.9925","0.9896","0.9941","0.9864","","0.23%"
"09/13/2019","0.9902","0.9905","0.9913","0.9853","","0.00%"
"09/12/2019","0.9902","0.9928","0.9948","0.9880","","-0.24%"
"09/11/2019","0.9926","0.9921","0.9945","0.9911","","0.07%"
"09/10/2019","0.9919","0.9923","0.9933","0.9888","","0.00%"
"09/09/2019","0.9919","0.9877","0.9925","0.9871","","0.48%"
"09/06/2019","0.9872","0.9860","0.9919","0.9852","","0.14%"
"09/05/2019","0.9858","0.9809","0.9875","0.9804","","0.54%"
"09/04/2019","0.9805","0.9868","0.9885","0.9797","","-0.62%"
"09/03/2019","0.9866","0.9906","0.9930","0.9862","","-0.39%"
"09/02/2019","0.9905","0.9897","0.9921","0.9889","","0.06%"
"08/30/2019","0.9899","0.9866","0.9919","0.9858","","0.34%"
"08/29/2019","0.9865","0.9817","0.9877","0.9799","","0.51%"
"08/28/2019","0.9815","0.9816","0.9830","0.9801","","0.03%"
"08/27/2019","0.9812","0.9794","0.9838","0.9774","","0.26%"
"08/26/2019","0.9787","0.9730","0.9812","0.9713","","0.43%"
"08/23/2019","0.9745","0.9838","0.9879","0.9735","","-0.92%"
"08/22/2019","0.9835","0.9825","0.9846","0.9814","","0.12%"
"08/21/2019","0.9823","0.9780","0.9833","0.9774","","0.46%"
"08/20/2019","0.9778","0.9816","0.9820","0.9774","","-0.37%"
"08/19/2019","0.9814","0.9787","0.9822","0.9772","","0.33%"
"08/16/2019","0.9782","0.9764","0.9811","0.9760","","0.19%"
"08/15/2019","0.9763","0.9733","0.9777","0.9721","","0.32%"
"08/14/2019","0.9732","0.9766","0.9772","0.9705","","-0.33%"
"08/13/2019","0.9764","0.9692","0.9769","0.9659","","0.75%"
"08/12/2019","0.9691","0.9726","0.9755","0.9682","","-0.33%"
"08/09/2019","0.9723","0.9749","0.9756","0.9708","","-0.24%"
"08/08/2019","0.9746","0.9753","0.9788","0.9737","","-0.06%"
"08/07/2019","0.9752","0.9765","0.9799","0.9692","","-0.11%"
"08/06/2019","0.9763","0.9735","0.9794","0.9702","","0.31%"
"08/05/2019","0.9733","0.9829","0.9842","0.9716","","-0.89%"
"08/02/2019","0.9820","0.9904","0.9910","0.9814","","-0.82%"
"08/01/2019","0.9901","0.9941","0.9976","0.9888","","-0.37%"
"07/31/2019","0.9938","0.9904","0.9951","0.9885","","0.37%"
"07/30/2019","0.9901","0.9916","0.9924","0.9890","","-0.13%"
"07/29/2019","0.9914","0.9929","0.9940","0.9908","","-0.19%"
"07/26/2019","0.9933","0.9908","0.9948","0.9899","","0.27%"
"07/25/2019","0.9906","0.9848","0.9918","0.9843","","0.60%"
"07/24/2019","0.9847","0.9854","0.9876","0.9836","","-0.04%"
"07/23/2019","0.9851","0.9821","0.9861","0.9817","","0.33%"
"07/22/2019","0.9819","0.9835","0.9842","0.9803","","0.03%"
"07/19/2019","0.9816","0.9814","0.9848","0.9806","","0.05%"
"07/18/2019","0.9811","0.9874","0.9893","0.9808","","-0.63%"
"07/17/2019","0.9873","0.9879","0.9909","0.9864","","-0.04%"
"07/16/2019","0.9877","0.9846","0.9895","0.9835","","0.33%"
"07/15/2019","0.9845","0.9840","0.9857","0.9816","","0.05%"
"07/12/2019","0.9840","0.9901","0.9910","0.9835","","-0.61%"
"07/11/2019","0.9900","0.9897","0.9907","0.9847","","0.06%"
"07/10/2019","0.9894","0.9937","0.9943","0.9887","","-0.40%"
"07/09/2019","0.9934","0.9938","0.9953","0.9922","","-0.04%"
"07/08/2019","0.9938","0.9915","0.9949","0.9898","","0.23%"
"07/05/2019","0.9915","0.9851","0.9933","0.9844","","0.66%"
"07/04/2019","0.9850","0.9869","0.9871","0.9846","","-0.15%"
"07/03/2019","0.9865","0.9864","0.9875","0.9834","","0.04%"
"07/02/2019","0.9861","0.9877","0.9890","0.9835","","-0.13%"
"07/01/2019","0.9874","0.9791","0.9886","0.9781","","1.17%"
"06/28/2019","0.9760","0.9766","0.9775","0.9738","","-0.03%"
"06/27/2019","0.9763","0.9780","0.9816","0.9759","","-0.17%"
"06/26/2019","0.9780","0.9755","0.9786","0.9743","","0.29%"
"06/25/2019","0.9752","0.9719","0.9778","0.9693","","0.35%"
"06/24/2019","0.9718","0.9769","0.9784","0.9709","","-0.45%"
"06/21/2019","0.9762","0.9818","0.9840","0.9756","","-0.57%"
"06/20/2019","0.9818","0.9940","0.9947","0.9792","","-1.23%"
"06/19/2019","0.9940","1.0006","1.0017","0.9916","","-0.61%"
"06/18/2019","1.0001","0.9989","1.0014","0.9965","","0.12%"
"06/17/2019","0.9989","0.9988","1.0000","0.9965","","0.00%"
"06/14/2019","0.9989","0.9940","0.9996","0.9925","","0.53%"
"06/13/2019","0.9936","0.9956","0.9962","0.9917","","-0.18%"
"06/12/2019","0.9954","0.9924","0.9960","0.9903","","0.32%"
"06/11/2019","0.9922","0.9898","0.9938","0.9891","","0.26%"
"06/10/2019","0.9896","0.9875","0.9922","0.9875","","0.20%"
"06/07/2019","0.9876","0.9914","0.9952","0.9858","","-0.35%"
"06/06/2019","0.9911","0.9947","0.9962","0.9879","","-0.35%"
"06/05/2019","0.9946","0.9921","0.9952","0.9853","","0.27%"
"06/04/2019","0.9919","0.9927","0.9957","0.9902","","-0.05%"
"06/03/2019","0.9924","1.0015","1.0020","0.9910","","-0.84%"
"05/31/2019","1.0008","1.0077","1.0084","1.0000","","-0.67%"
"05/30/2019","1.0076","1.0080","1.0099","1.0068","","0.01%"
"05/29/2019","1.0075","1.0076","1.0088","1.0048","","0.00%"
"05/28/2019","1.0075","1.0039","1.0099","1.0033","","0.38%"
"05/27/2019","1.0037","1.0012","1.0063","1.0011","","0.21%"
"05/24/2019","1.0016","1.0033","1.0044","1.0008","","-0.15%"
"05/23/2019","1.0031","1.0097","1.0102","1.0023","","-0.63%"
"05/22/2019","1.0095","1.0111","1.0121","1.0065","","-0.14%"
"05/21/2019","1.0109","1.0086","1.0121","1.0081","","0.26%"
"05/20/2019","1.0083","1.0115","1.0122","1.0079","","-0.22%"
"05/17/2019","1.0105","1.0101","1.0122","1.0083","","0.07%"
"05/16/2019","1.0098","1.0087","1.0108","1.0073","","0.11%"
"05/15/2019","1.0087","1.0087","1.0099","1.0054","","0.02%"
"05/14/2019","1.0085","1.0065","1.0098","1.0050","","0.22%"
"05/13/2019","1.0063","1.0118","1.0125","1.0048","","-0.52%"
"05/10/2019","1.0116","1.0151","1.0160","1.0100","","-0.33%"
"05/09/2019","1.0150","1.0205","1.0213","1.0123","","-0.49%"
"05/08/2019","1.0200","1.0196","1.0210","1.0168","","0.06%"
"05/07/2019","1.0194","1.0180","1.0227","1.0159","","0.17%"
"05/06/2019","1.0177","1.0166","1.0198","1.0150","","0.13%"
"05/03/2019","1.0164","1.0195","1.0216","1.0160","","-0.26%"
"05/02/2019","1.0191","1.0181","1.0204","1.0169","","0.12%"
"05/01/2019","1.0179","1.0193","1.0200","1.0126","","-0.11%"
"04/30/2019","1.0190","1.0197","1.0206","1.0174","","-0.05%"
"04/29/2019","1.0195","1.0196","1.0217","1.0184","","0.00%"
"04/26/2019","1.0195","1.0205","1.0238","1.0183","","-0.07%"
"04/25/2019","1.0202","1.0208","1.0229","1.0192","","-0.01%"
"04/24/2019","1.0203","1.0200","1.0221","1.0168","","0.03%"
"04/23/2019","1.0200","1.0156","1.0231","1.0151","","0.46%"
"04/22/2019","1.0153","1.0143","1.0162","1.0134","","0.09%"
"04/19/2019","1.0144","1.0155","1.0160","1.0130","","-0.10%"
"04/18/2019","1.0154","1.0105","1.0160","1.0092","","0.50%"
"04/17/2019","1.0103","1.0080","1.0112","1.0066","","0.25%"
"04/16/2019","1.0078","1.0039","1.0083","1.0031","","0.40%"
"04/15/2019","1.0038","1.0025","1.0048","1.0008","","0.16%"
"04/12/2019","1.0022","1.0030","1.0036","0.9995","","-0.08%"
"04/11/2019","1.0030","1.0026","1.0048","1.0009","","0.06%"
"04/10/2019","1.0024","1.0001","1.0035","0.9991","","0.27%"
"04/09/2019","0.9997","0.9987","1.0010","0.9980","","0.10%"
"04/08/2019","0.9987","1.0002","1.0008","0.9977","","-0.11%"
"04/05/2019","0.9998","1.0000","1.0014","0.9990","","0.02%"
"04/04/2019","0.9996","0.9983","1.0006","0.9970","","0.14%"
"04/03/2019","0.9982","0.9978","0.9989","0.9952","","0.03%"
"04/02/2019","0.9979","0.9990","1.0002","0.9972","","-0.08%"
"04/01/2019","0.9987","0.9944","0.9997","0.9934","","0.35%"
"03/29/2019","0.9952","0.9957","0.9976","0.9944","","-0.03%"
"03/28/2019","0.9955","0.9949","0.9975","0.9940","","0.10%"
"03/27/2019","0.9945","0.9945","0.9968","0.9905","","0.02%"
"03/26/2019","0.9943","0.9925","0.9954","0.9916","","0.20%"
"03/25/2019","0.9923","0.9954","0.9955","0.9909","","-0.12%"
"03/22/2019","0.9935","0.9921","0.9972","0.9913","","0.16%"
"03/21/2019","0.9919","0.9926","0.9947","0.9903","","-0.06%"
"03/20/2019","0.9925","0.9992","1.0012","0.9894","","-0.65%"
"03/19/2019","0.9990","1.0014","1.0019","0.9983","","-0.23%"
"03/18/2019","1.0013","1.0021","1.0032","0.9996","","-0.04%"
"03/15/2019","1.0017","1.0040","1.0054","1.0011","","-0.20%"
"03/14/2019","1.0037","1.0038","1.0053","1.0027","","-0.01%"
"03/13/2019","1.0038","1.0079","1.0086","1.0025","","-0.39%"
"03/12/2019","1.0077","1.0107","1.0114","1.0062","","-0.27%"
"03/11/2019","1.0104","1.0077","1.0121","1.0069","","0.26%"
"03/08/2019","1.0078","1.0114","1.0120","1.0069","","-0.33%"
"03/07/2019","1.0111","1.0050","1.0126","1.0035","","0.63%"
"03/06/2019","1.0048","1.0044","1.0059","1.0031","","0.08%"
"03/05/2019","1.0040","0.9991","1.0056","0.9982","","0.52%"
"03/04/2019","0.9988","0.9985","1.0022","0.9972","","0.00%"
"03/01/2019","0.9988","0.9984","1.0010","0.9963","","0.07%"
"02/28/2019","0.9981","1.0016","1.0019","0.9925","","-0.33%"
"02/27/2019","1.0014","1.0000","1.0019","0.9961","","0.18%"
"02/26/2019","0.9996","1.0008","1.0021","0.9987","","-0.10%"
"02/25/2019","1.0006","1.0006","1.0014","0.9982","","0.05%"
"02/22/2019","1.0001","1.0013","1.0025","0.9987","","-0.07%"
"02/21/2019","1.0008","1.0010","1.0024","0.9994","","0.00%"
"02/20/2019","1.0008","1.0011","1.0023","0.9981","","-0.02%"
"02/19/2019","1.0010","1.0044","1.0062","1.0000","","-0.31%"
"02/18/2019","1.0041","1.0058","1.0058","1.0023","","-0.09%"
"02/15/2019","1.0050","1.0048","1.0091","1.0044","","0.03%"
"02/14/2019","1.0047","1.0093","1.0100","1.0044","","-0.43%"
"02/13/2019","1.0090","1.0065","1.0095","1.0042","","0.27%"
"02/12/2019","1.0063","1.0039","1.0094","1.0036","","0.26%"
"02/11/2019","1.0037","1.0002","1.0100","0.9988","","0.37%"
"02/08/2019","1.0000","1.0023","1.0030","0.9995","","-0.21%"
"02/07/2019","1.0021","1.0026","1.0032","1.0000","","-0.02%"
"02/06/2019","1.0023","1.0001","1.0028","0.9986","","0.26%"
"02/05/2019","0.9997","0.9980","1.0021","0.9974","","0.20%"
"02/04/2019","0.9977","0.9953","0.9996","0.9943","","0.22%"
"02/01/2019","0.9955","0.9942","0.9964","0.9921","","0.15%"
"01/31/2019","0.9940","0.9943","0.9954","0.9906","","-0.01%"
"01/30/2019","0.9941","0.9947","0.9996","0.9932","","-0.02%"
"01/29/2019","0.9943","0.9921","0.9959","0.9907","","0.29%"
"01/28/2019","0.9914","0.9935","0.9938","0.9904","","-0.15%"
"01/25/2019","0.9929","0.9967","0.9977","0.9921","","-0.34%"
"01/24/2019","0.9963","0.9950","0.9979","0.9934","","0.18%"
"01/23/2019","0.9945","0.9974","0.9991","0.9939","","-0.25%"
"01/22/2019","0.9970","0.9973","0.9987","0.9960","","0.00%"
"01/21/2019","0.9970","0.9944","0.9989","0.9942","","0.15%"
"01/18/2019","0.9955","0.9942","0.9961","0.9931","","0.14%"
"01/17/2019","0.9941","0.9904","0.9955","0.9895","","0.41%"
"01/16/2019","0.9900","0.9878","0.9911","0.9872","","0.22%"
"01/15/2019","0.9878","0.9810","0.9895","0.9801","","0.72%"
"01/14/2019","0.9807","0.9847","0.9853","0.9799","","-0.34%"
"01/11/2019","0.9840","0.9843","0.9857","0.9813","","-0.02%"
"01/10/2019","0.9842","0.9745","0.9852","0.9715","","1.02%"
"01/09/2019","0.9743","0.9813","0.9824","0.9732","","-0.69%"
"01/08/2019","0.9811","0.9798","0.9836","0.9787","","0.16%"
"01/07/2019","0.9795","0.9865","0.9872","0.9787","","-0.69%"
"01/04/2019","0.9863","0.9867","0.9909","0.9852","","-0.01%"
"01/03/2019","0.9864","0.9902","0.9906","0.9846","","-0.36%"
"01/02/2019","0.9900","0.9816","0.9921","0.9796","","0.88%"
"01/01/2019","0.9814","0.9817","0.9820","0.9816","","0.00%"