date,ticker,net_sentiment,n_articles,avg_confidence
2026-02-17,AAPL,-0.01784588396549225,1,0.9010207653045654
2026-02-22,AAPL,0.3267008017282933,4,0.8225121349096298
2026-02-23,AAPL,-0.13130911830812692,5,0.7375240921974182
2026-02-25,AAPL,0.05339647829532623,1,0.8907749056816101
2026-02-26,AAPL,0.13116463948972523,4,0.8124500960111618
2026-03-04,AAPL,0.1478593944616261,21,0.8310712348847162
2026-03-05,AAPL,0.20599025691626593,16,0.8660155422985554
2026-03-06,AAPL,-0.07591965608298779,8,0.8823878765106201
2026-03-10,AAPL,-0.2688859671354294,5,0.8584799647331238
2026-03-11,AAPL,0.9149765651673079,1,0.9397395849227905
2026-03-12,AAPL,-0.1711308999918401,10,0.8531915009021759
2026-03-13,AAPL,-0.07563732913695276,4,0.8479439318180084
2026-03-14,AAPL,-0.18590103927999735,2,0.7491211593151093
2026-03-15,AAPL,-0.009694833308458328,1,0.8965214490890503
2026-03-16,AAPL,-0.16379820697886102,17,0.888431075741263
2026-03-17,AAPL,0.15572494609902301,3,0.7960083285967509
2026-03-23,AAPL,0.5491676929999482,11,0.8285771120678295
2026-03-24,AAPL,-0.11337717529386282,3,0.8621679147084554
2026-03-25,AAPL,-0.18318424001336098,5,0.88106210231781
2026-02-23,AMD,-0.35133918980136514,2,0.8473690450191498
2026-02-25,AMD,0.5089935967698693,4,0.7669553905725479
2026-02-26,AMD,0.01892921132966876,10,0.8086327910423279
2026-03-04,AMD,0.10113373554001252,6,0.7808823982874552
2026-03-05,AMD,0.48421265344534603,7,0.8652539253234863
2026-03-06,AMD,-0.1774110784754157,4,0.8684214800596237
2026-03-10,AMD,0.4879997964017093,2,0.9395746290683746
2026-03-11,AMD,0.03802060708403587,1,0.8659906387329102
2026-03-12,AMD,-0.39185768818216665,7,0.8979302644729614
2026-03-16,AMD,-0.027793812565505505,4,0.9125379025936127
2026-03-17,AMD,-0.2705606246987979,3,0.9220628341039022
2026-03-23,AMD,-0.9391084592789412,1,0.9572608470916748
2026-03-24,AMD,0.08121147379279137,1,0.8891368508338928
2026-03-25,AMD,0.05800004210323095,9,0.7779949373669095
2026-02-22,AMZN,0.18065553600899875,8,0.8041129037737846
2026-02-23,AMZN,0.22038672771304846,4,0.9112962633371353
2026-02-25,AMZN,-0.4380602282471955,4,0.8249033540487289
2026-02-26,AMZN,-0.17077146098017693,7,0.8065671495028904
2026-03-04,AMZN,0.03588349660415025,21,0.8285546473094395
2026-03-05,AMZN,0.22141889002370208,19,0.8475584199554042
2026-03-06,AMZN,0.07779631856828928,9,0.8519792424307929
2026-03-10,AMZN,0.16327230518476832,9,0.8152076734436883
2026-03-11,AMZN,0.6303344615735114,3,0.9062176942825317
2026-03-12,AMZN,-0.13328947962468696,18,0.8843693335851034
2026-03-13,AMZN,-0.12670520187488624,7,0.8577131032943726
2026-03-14,AMZN,0.7203692849725485,1,0.7441843152046204
2026-03-15,AMZN,0.3820092286914587,3,0.8252444664637247
2026-03-16,AMZN,0.4733797506030117,7,0.8691049133028302
2026-03-17,AMZN,0.47787284379934564,17,0.8328754691516652
2026-03-23,AMZN,0.6650344937418898,3,0.8906258940696716
2026-03-24,AMZN,-0.17526997220037238,7,0.8702676381383624
2026-03-25,AMZN,0.2375550969902958,7,0.8259649532181876
2026-02-16,AUDUSD,-0.5726494491100311,1,0.7679787278175354
2026-02-23,AUDUSD,-0.9289139956235886,1,0.9589994549751282
2026-02-24,AUDUSD,-0.9393496140837669,1,0.9634993672370911
2026-02-25,AUDUSD,-0.10438969638198614,4,0.7857115119695663
2026-02-26,AUDUSD,-0.43934749979525806,5,0.8531651973724366
2026-03-02,AUDUSD,0.7483965009450912,1,0.8530318737030029
2026-03-03,AUDUSD,-0.9624796435236931,1,0.9735745191574097
2026-03-04,AUDUSD,-0.33457969734445214,4,0.7892748266458511
2026-03-05,AUDUSD,-0.34289706041189755,11,0.8710319779135964
2026-03-06,AUDUSD,0.16785255437716842,10,0.8917704522609711
2026-03-10,AUDUSD,0.9083383567631245,1,0.9316460490226746
2026-03-11,AUDUSD,0.2617068168308054,7,0.8210077881813049
2026-03-12,AUDUSD,-0.32507059909403324,5,0.8050686359405518
2026-03-13,AUDUSD,0.42696448415517807,5,0.8172715544700623
2026-03-14,AUDUSD,-0.2951120026409626,1,0.6487181186676025
2026-03-16,AUDUSD,0.2326383428382022,14,0.8921929597854614
2026-03-17,AUDUSD,0.26143820816650987,22,0.8536255115812476
2026-03-18,AUDUSD,0.9227625075727701,1,0.9497796893119812
2026-03-19,AUDUSD,0.9172825664281845,1,0.9453482031822205
2026-03-23,AUDUSD,0.1590190245769918,4,0.8391081094741821
2026-03-24,AUDUSD,0.2753758917873104,3,0.9455494483311971
2026-03-25,AUDUSD,0.2591295298188925,1,0.716239333152771
2026-02-22,BAC,0.9102357961237431,2,0.9243220090866089
2026-02-25,BAC,-0.18773498013615608,2,0.7307562232017517
2026-03-04,BAC,0.19512134169538817,6,0.8422172665596008
2026-03-06,BAC,-0.2627886198461056,4,0.7660131752490997
2026-03-10,BAC,-0.9499443210661411,2,0.9613005816936493
2026-03-12,BAC,0.47680572187528014,4,0.8868356645107269
2026-03-14,BAC,0.8446782678365707,1,0.901232123374939
2026-03-15,BAC,0.016896119341254234,1,0.9295235276222229
2026-03-16,BAC,0.27546477573923767,4,0.8041888624429703
2026-03-17,BAC,-0.29993093432858586,4,0.7284567207098007
2026-03-23,BAC,0.10911911120638251,2,0.8317237496376038
2026-03-24,BAC,0.41869893996044993,2,0.8282659351825714
2026-03-25,BAC,0.6796183381229639,4,0.8483622670173645
2026-03-05,BBVA,0.8986998191103339,1,0.9099645018577576
2026-02-02,BNO,0.34868213534355164,1,0.5586984753608704
2026-02-04,BNO,0.7419048622250557,1,0.8353028893470764
2026-02-23,BNO,0.573969230055809,1,0.6707693338394165
2026-03-02,BNO,0.423295087646693,5,0.860840904712677
2026-03-09,BNO,0.1320231333374977,1,0.7995002865791321
2026-03-11,BNO,0.0082091074436903,1,0.9433188438415527
2026-03-12,BNO,-0.011951658874750137,1,0.915817379951477
2026-03-13,BNO,-0.22414560243487358,1,0.6952088475227356
2026-03-17,BNO,-0.49553191661834717,1,0.7169508337974548
2026-03-24,BNO,-0.047946058213710785,1,0.7983763217926025
2026-02-23,C,0.6555096236988902,1,0.6661960482597351
2026-02-26,C,0.06326833553612232,1,0.8982359170913696
2026-03-04,C,-0.008595064282417297,1,0.855988085269928
2026-03-06,C,0.009317755699157715,1,0.8144926428794861
2026-03-10,C,-0.37590401340276003,3,0.8090858658154806
2026-03-12,C,-0.9413050366565585,1,0.9568078517913818
2026-03-17,C,-0.4770355857908726,2,0.6938168704509735
2026-03-23,C,-0.40794873610138893,2,0.9107614755630493
2026-03-24,C,-0.046843832824379206,2,0.9052402973175049
2026-01-30,CPER,0.8777502104640007,1,0.9132426977157593
2026-02-11,CPER,-0.007096055895090103,1,0.9157453179359436
2026-02-18,CPER,-0.9122329428792,1,0.9370362162590027
2026-02-23,CPER,0.8598535470664501,1,0.8682453632354736
2026-02-28,CPER,-0.790242075920105,1,0.8304643034934998
2026-03-05,CPER,0.02296859584748745,1,0.9158455729484558
2026-03-10,CPER,-0.9269708599895239,1,0.9495635032653809
2026-03-25,CPER,0.02749308943748474,1,0.9361582398414612
2026-02-22,CVX,0.912271473556757,1,0.9417229294776917
2026-02-25,CVX,0.8061169050633907,1,0.8211802840232849
2026-03-04,CVX,-0.21323545537889005,5,0.8787718892097474
2026-03-05,CVX,0.03418071257571379,3,0.9225825866063436
2026-03-06,CVX,-0.25402103923261166,3,0.8430537978808085
2026-03-10,CVX,0.22348139621317387,3,0.8420598109563192
2026-03-11,CVX,0.845376743003726,1,0.8608951568603516
2026-03-12,CVX,0.3721775909885764,5,0.7870462775230408
2026-03-13,CVX,0.015697184950113297,1,0.9336313009262085
2026-03-15,CVX,-0.9264123570173979,1,0.9488561749458313
2026-03-16,CVX,0.0016994625329971313,1,0.9376544952392578
2026-03-23,CVX,-0.3016412680968642,5,0.8812272310256958
2026-03-24,CVX,0.03935869907339414,3,0.643111785252889
2026-03-06,DB,0.17164286226034164,1,0.8047696948051453
2026-03-12,DB,-0.4247010387480259,2,0.921204537153244
2026-03-25,DB,0.002936173230409622,2,0.8904283344745636
2025-11-26,DXY,0.05199742503464222,1,0.8948123455047607
2026-01-09,DXY,0.9202042957767844,1,0.9358169436454773
2026-01-30,DXY,0.07875638268887997,1,0.8714926242828369
2026-02-10,DXY,-0.5237723737955093,1,0.6600627303123474
2026-02-16,DXY,-0.9344270918518305,1,0.9549700617790222
2026-02-17,DXY,-0.9297351744025946,1,0.9574070572853088
2026-02-18,DXY,-0.8638999946415424,1,0.879845380783081
2026-02-20,DXY,0.49066146053373816,5,0.813262677192688
2026-02-22,DXY,-0.7804326806217432,2,0.8221898078918457
2026-02-23,DXY,-0.2201333819888532,10,0.875117439031601
2026-02-24,DXY,-0.3575125187635422,4,0.8823194652795792
2026-02-25,DXY,0.4932625815272331,2,0.7328199446201324
2026-02-26,DXY,0.06262674261080592,19,0.8404339551925659
2026-02-27,DXY,0.03298504278063774,1,0.9290612936019897
2026-03-01,DXY,0.08012199029326439,2,0.8436948359012604
2026-03-02,DXY,-0.3641219016474982,6,0.8528441886107127
2026-03-03,DXY,-0.38959091236548765,7,0.8453957438468933
2026-03-04,DXY,-0.00988630573782656,45,0.8118064337306552
2026-03-05,DXY,-0.24576257345351307,55,0.8612533341754567
2026-03-06,DXY,-0.25715815979646334,71,0.8637590802891154
2026-03-08,DXY,-0.8425249280408025,2,0.8700124323368073
2026-03-09,DXY,-0.24753875974565745,5,0.7702638864517212
2026-03-10,DXY,0.010697940630572183,7,0.7865681988852364
2026-03-11,DXY,-0.030623330324888228,25,0.7981662511825561
2026-03-12,DXY,-0.32234064576914534,48,0.8676335612932841
2026-03-13,DXY,-0.3233185184071772,16,0.8029640801250935
2026-03-14,DXY,0.14879260957241058,6,0.7913997968037924
2026-03-15,DXY,-0.03213622452070316,6,0.7723180452982584
2026-03-16,DXY,-0.22468643737656455,62,0.8384170359180819
2026-03-17,DXY,-0.41206129935703106,35,0.8826073220797948
2026-03-18,DXY,-0.3625269280746579,6,0.9247905115286509
2026-03-19,DXY,-0.4687115387059748,2,0.8603432178497314
2026-03-20,DXY,-0.9338961616158485,1,0.9530220627784729
2026-03-21,DXY,-0.6545968279242516,1,0.6792009472846985
2026-03-22,DXY,-0.07780074328184128,2,0.7703375518321991
2026-03-23,DXY,-0.26495345029979944,14,0.8181002863815853
2026-03-24,DXY,-0.08450062200427055,13,0.8246951424158536
2026-03-25,DXY,-0.2921959303150123,11,0.7806742624803023
2025-12-04,EMB,0.06139863654971123,1,0.9114471077919006
2025-12-19,EMB,0.5096200159750879,2,0.8867412805557251
2025-12-20,EMB,0.62409782782197,1,0.6755552887916565
2026-01-07,EMB,0.0484035387635231,1,0.9085424542427063
2026-01-21,EMB,0.2082358468323946,1,0.7698928713798523
2026-02-10,EMB,0.06553814932703972,1,0.8828139901161194
2026-03-09,EMB,-0.2132611870765686,1,0.5832304954528809
2026-03-10,EMB,0.04516430106014013,1,0.9242246747016907
2026-02-26,EURGBP,0.9153390135616064,1,0.9446856379508972
2026-03-16,EURGBP,-0.9179043881595135,1,0.95347660779953
2026-03-24,EURGBP,0.8407517522573471,1,0.9098537564277649
2026-02-26,EURJPY,-0.9310090448707342,1,0.9571375250816345
2026-03-13,EURJPY,0.3096628189086914,1,0.639426052570343
2026-03-16,EURJPY,0.6202355623245239,1,0.7987610101699829
2024-07-19,EURUSD,-0.9545112196356058,1,0.9655303955078125
2026-02-03,EURUSD,-0.9447061298415065,1,0.9573608040809631
2026-02-19,EURUSD,-0.7440462559461594,1,0.8377468585968018
2026-02-20,EURUSD,-0.9407324064522982,1,0.960328221321106
2026-02-23,EURUSD,-0.6390161151066422,2,0.7647733688354492
2026-02-24,EURUSD,-0.16096169268712401,2,0.8827824294567108
2026-02-25,EURUSD,-0.5947212968021631,2,0.7251936197280884
2026-02-26,EURUSD,-0.11548405004521975,26,0.8599883845219245
2026-03-02,EURUSD,-0.6972761489450932,3,0.8400986790657043
2026-03-03,EURUSD,-0.9038654062896967,2,0.9439384937286377
2026-03-04,EURUSD,-0.2101812308654189,5,0.9313554525375366
2026-03-05,EURUSD,-0.4137362771690255,41,0.8804189650023856
2026-03-06,EURUSD,-0.26755030278582126,32,0.8260765429586172
2026-03-09,EURUSD,-0.964087045751512,1,0.9747208952903748
2026-03-10,EURUSD,-0.08263879766066869,3,0.89121013879776
2026-03-11,EURUSD,-0.2362115731531823,27,0.8535418113072714
2026-03-12,EURUSD,-0.2877008711489347,13,0.8342300928556002
2026-03-13,EURUSD,-0.7582508010718112,13,0.9327783171947186
2026-03-16,EURUSD,-0.09997957832468994,29,0.8720850882859066
2026-03-17,EURUSD,-0.16274805435979808,27,0.847339908281962
2026-03-18,EURUSD,-0.9506257381290197,1,0.966328501701355
2026-03-19,EURUSD,-0.9183358997106552,3,0.9490102529525757
2026-03-20,EURUSD,-0.07970581576228142,2,0.7164285182952881
2026-03-23,EURUSD,0.28904061764478683,2,0.6128515005111694
2026-03-24,EURUSD,0.06978255128487945,10,0.871970272064209
2026-03-25,EURUSD,0.7260253876447678,1,0.8168932199478149
2026-03-17,GBPJPY,0.9065831992775202,1,0.9353731870651245
2026-03-24,GBPJPY,0.7686893194913864,1,0.8706811666488647
2024-09-13,GBPUSD,-0.895903161726892,1,0.9079618453979492
2026-02-02,GBPUSD,0.8495687264949083,1,0.8757566213607788
2026-02-12,GBPUSD,-0.752071239054203,1,0.8429428935050964
2026-02-17,GBPUSD,-0.939363919198513,1,0.9620221257209778
2026-02-18,GBPUSD,0.7009386718273163,1,0.8372378945350647
2026-02-19,GBPUSD,-0.8963333461433649,1,0.9264219403266907
2026-02-24,GBPUSD,-0.18109486252069473,3,0.8605604767799377
2026-02-25,GBPUSD,0.24289111730953059,3,0.8533222277959188
2026-02-26,GBPUSD,-0.21382392360828817,4,0.8159063458442688
2026-03-04,GBPUSD,-0.3978787991218269,4,0.912096843123436
2026-03-05,GBPUSD,-0.1973600061610341,13,0.8972062514378474
2026-03-06,GBPUSD,0.10649062716402113,8,0.7417457327246666
2026-03-09,GBPUSD,-0.9000166431069374,2,0.9412896037101746
2026-03-10,GBPUSD,-0.19096998575453958,6,0.8676105638345083
2026-03-11,GBPUSD,0.3493182100355625,4,0.8889067620038986
2026-03-12,GBPUSD,-0.5310107920086011,8,0.8641107156872749
2026-03-13,GBPUSD,-0.7919998413158787,9,0.8732112050056458
2026-03-14,GBPUSD,-0.019929789006710052,1,0.8896616101264954
2026-03-16,GBPUSD,0.10141851535687844,6,0.8664229512214661
2026-03-17,GBPUSD,-0.07260911778679915,7,0.7679608975137983
2026-03-20,GBPUSD,-0.9547253111377358,1,0.967769980430603
2026-03-23,GBPUSD,-0.3597124110907316,5,0.877596378326416
2026-03-24,GBPUSD,-0.9422260504215956,1,0.9637421369552612
2026-03-25,GBPUSD,-0.17928991466760635,1,0.6637908816337585
2026-01-30,GOLD,-0.8261533565819263,1,0.8597549796104431
2026-01-31,GOLD,-0.8705211216583848,2,0.9206859469413757
2026-02-05,GOLD,-0.15080382289098843,7,0.8025688358715602
2026-02-06,GOLD,0.24827183154411614,4,0.838757649064064
2026-02-07,GOLD,-0.0008577927947044373,1,0.8470097184181213
2026-02-10,GOLD,0.03179437294602394,1,0.904564380645752
2026-02-11,GOLD,0.23055752739310265,3,0.8280516068140665
2026-02-16,GOLD,0.45190998166799545,2,0.8600756227970123
2026-02-17,GOLD,0.013415440917015076,2,0.8819172978401184
2026-02-18,GOLD,0.025197407230734825,1,0.9433577656745911
2026-02-22,GOLD,-0.8064817059785128,1,0.827858567237854
2026-02-23,GOLD,0.15681920448939005,3,0.8440290490786234
2026-02-24,GOLD,-0.005838800221681595,1,0.889472484588623
2026-02-25,GOLD,0.021836754865944386,3,0.9165827830632528
2026-02-26,GOLD,0.18180185742676258,2,0.8007068634033203
2026-03-02,GOLD,0.02117389813065529,1,0.9264028072357178
2026-03-03,GOLD,-0.4027670957148075,2,0.8948865830898285
2026-03-04,GOLD,0.24409863244121274,6,0.8495914737383524
2026-03-05,GOLD,0.03786891499268157,7,0.8019656198365348
2026-03-06,GOLD,-0.2987715665251017,5,0.8664290904998779
2026-03-11,GOLD,0.06642045080661774,1,0.7096896767616272
2026-03-12,GOLD,0.20380930323153734,2,0.748322993516922
2026-03-14,GOLD,0.8527895230799913,1,0.8670974969863892
2026-03-16,GOLD,0.025960421189665794,7,0.8587131670543126
2026-03-17,GOLD,-0.21414622198790312,2,0.7706456184387207
2026-03-22,GOLD,0.034187642857432365,2,0.9187809526920319
2026-03-23,GOLD,-0.2527353238935272,3,0.9060203035672506
2026-03-25,GOLD,-0.6623906344175339,1,0.8074933290481567
2026-02-22,GOOGL,0.3881841697730124,4,0.8139230161905289
2026-02-23,GOOGL,-0.1446813209913671,2,0.7783770561218262
2026-02-25,GOOGL,0.36970969196408987,2,0.8022989928722382
2026-02-26,GOOGL,-0.12362051050045661,7,0.8201217566217694
2026-03-04,GOOGL,-0.1061372040649471,23,0.8429985849753671
2026-03-05,GOOGL,0.12208212736166185,18,0.7741124033927917
2026-03-06,GOOGL,-0.23421225106964508,15,0.8290111859639485
2026-03-10,GOOGL,0.01151291187852621,2,0.923223227262497
2026-03-11,GOOGL,-0.02428638975002936,7,0.7718991637229919
2026-03-12,GOOGL,-0.09525082632899284,7,0.906545375074659
2026-03-13,GOOGL,-0.29996472522616385,5,0.884333872795105
2026-03-14,GOOGL,-0.20914711756631732,4,0.913442388176918
2026-03-15,GOOGL,-0.006480781361460686,3,0.8906646172205607
2026-03-16,GOOGL,-0.1262225518003106,8,0.8199129700660706
2026-03-17,GOOGL,-0.18249640241265297,9,0.8490538133515252
2026-03-23,GOOGL,0.10933576244860888,4,0.8027520924806595
2026-03-24,GOOGL,0.030036578327417372,5,0.8964754700660705
2026-03-25,GOOGL,-0.49063014541752636,12,0.8146170030037562
2026-02-22,GS,0.1318564168177545,4,0.7864866703748703
2026-02-23,GS,-0.6169491484761238,1,0.7033523321151733
2026-03-04,GS,-0.08929701521992683,4,0.7898953258991241
2026-03-05,GS,0.26826510632721084,6,0.8499500056107839
2026-03-06,GS,-0.2928937466349453,4,0.8492061346769333
2026-03-10,GS,0.14260649681091309,1,0.8214730024337769
2026-03-11,GS,0.1384127577766776,1,0.8370854258537292
2026-03-12,GS,-0.36604928597807884,4,0.8207156807184219
2026-03-14,GS,-0.6119907976438602,3,0.9490584135055542
2026-03-16,GS,-0.42194443847984076,2,0.8792924880981445
2026-03-17,GS,0.4134417213499546,2,0.8295661807060242
2026-03-23,GS,-0.8808157909661531,1,0.9055415391921997
2026-03-24,GS,-0.4086734503507614,1,0.6083608269691467
2026-03-25,GS,-0.11610960836211841,3,0.793343702952067
2026-02-26,HSBC,-0.913191388361156,1,0.9282760620117188
2026-03-06,HSBC,0.012541893869638443,1,0.9416362643241882
2026-03-11,HSBC,0.020931154489517212,1,0.9398611187934875
2026-03-12,HSBC,0.11088457517325878,1,0.8462210893630981
2026-03-13,HSBC,0.037712739780545235,1,0.9374971985816956
2026-03-16,HSBC,0.912033699452877,1,0.9426299333572388
2026-03-17,HSBC,-0.34754257649183273,2,0.8506053686141968
2025-09-16,IEF,0.15591304190456867,1,0.793289840221405
2025-10-01,IEF,0.8971749134361744,1,0.9206928014755249
2025-10-17,IEF,0.8949090987443924,1,0.9333956837654114
2025-10-28,IEF,0.03132886439561844,1,0.8390125036239624
2025-11-14,IEF,-0.019754454493522644,2,0.8850545585155487
2025-12-02,IEF,0.08187433611601591,1,0.8910896182060242
2026-01-09,IEF,0.9273195862770081,1,0.9422438740730286
2026-02-17,IEF,0.6461687088012695,1,0.7653323411941528
2026-02-18,IEF,-0.03190474957227707,2,0.7709589898586273
2026-02-20,IEF,0.045419253408908844,1,0.8749179840087891
2026-02-23,IEF,-0.42558800615370274,2,0.8307819962501526
2026-02-26,IEF,0.05950906127691269,1,0.7421873211860657
2026-02-27,IEF,-0.005293160676956177,1,0.9135150909423828
2026-03-04,IEF,0.8823991380631924,1,0.9021563529968262
2026-03-05,IEF,-0.8591152063260475,3,0.9022382895151774
2026-03-06,IEF,-0.9483698112890124,1,0.9596920609474182
2026-03-11,IEF,-0.2190242139622569,2,0.8162218034267426
2026-03-12,IEF,-0.20849858969449997,2,0.8065202832221985
2026-03-16,IEF,-0.11191492554332529,7,0.8732069390160697
2026-03-18,IEF,0.0636508408933878,2,0.772203266620636
2026-03-24,IEF,0.053757719695568085,1,0.8300285339355469
2026-03-25,IEF,-0.010207466781139374,2,0.9282752573490143
2026-02-22,JPM,-0.37068506330251694,2,0.7587140500545502
2026-02-23,JPM,-0.8646930032409728,2,0.8794804513454437
2026-02-24,JPM,-0.8877304792404175,1,0.9156433343887329
2026-02-25,JPM,-0.25874603912234306,2,0.7595461010932922
2026-02-26,JPM,-0.9249820094555616,1,0.9364065527915955
2026-03-04,JPM,0.04476268240250647,4,0.8620793670415878
2026-03-05,JPM,0.1453497874407241,13,0.830868620138902
2026-03-06,JPM,-0.1625376275430123,6,0.8557732204596201
2026-03-10,JPM,0.08245613100007176,2,0.8044664859771729
2026-03-11,JPM,0.152356130303815,4,0.8033123761415482
2026-03-12,JPM,-0.01062670350074768,4,0.8144785165786743
2026-03-13,JPM,-0.13479117707659802,3,0.7751966317494711
2026-03-14,JPM,-0.8413478266447783,1,0.861521303653717
2026-03-15,JPM,0.627936277538538,1,0.6523963809013367
2026-03-16,JPM,0.05091345589607954,3,0.9180425405502319
2026-03-17,JPM,-0.31770871207118034,4,0.7379384189844131
2026-03-23,JPM,-0.20049241557717323,1,0.7328609228134155
2026-03-24,JPM,0.5136839896440506,1,0.7050414681434631
2026-03-25,JPM,0.4259129320271313,2,0.8039504587650299
2026-02-22,KO,0.06504369620233774,3,0.8873766859372457
2026-03-04,KO,0.3486451143398881,2,0.8104980289936066
2026-03-05,KO,0.30875273142009974,2,0.7095249891281128
2026-03-06,KO,0.09389317873865366,2,0.8794885575771332
2026-03-12,KO,-0.024723049253225327,1,0.8757609724998474
2026-03-16,KO,-0.06471088528633118,1,0.8943381905555725
2026-03-17,KO,0.6576320929452777,1,0.6680653691291809
2026-03-25,KO,0.877435308881104,1,0.8858792781829834
2026-02-22,META,0.08615266811102629,3,0.8465480208396912
2026-02-23,META,-0.2058926122263074,4,0.9259782135486603
2026-02-25,META,-0.49887619353830814,3,0.806159496307373
2026-02-26,META,-0.31449553184211254,7,0.866991903100695
2026-03-04,META,0.3051659073680639,6,0.9060440063476562
2026-03-05,META,-0.04942251369357109,17,0.7931193113327026
2026-03-06,META,-0.25747470669448375,10,0.8352727115154266
2026-03-10,META,0.2670613911934197,10,0.84564208984375
2026-03-11,META,0.002820480614900589,5,0.828508198261261
2026-03-12,META,0.08581710606813431,3,0.8253374695777893
2026-03-13,META,-0.451172987697646,4,0.9279039651155472
2026-03-14,META,-0.6147173832481106,3,0.9432207743326823
2026-03-15,META,-0.2332061603665352,1,0.6605268716812134
2026-03-16,META,-0.25462262825695453,27,0.8674187417383548
2026-03-17,META,-0.0823823522244181,7,0.8528851185526166
2026-03-23,META,0.0554549943190068,4,0.9112046360969543
2026-03-24,META,-0.8536726949736476,5,0.8786203026771545
2026-03-25,META,-0.2561650871521915,46,0.8350720807262089
2026-02-22,MS,-0.7232973948121071,1,0.7579211592674255
2026-02-26,MS,0.6504753865301609,1,0.7063959240913391
2026-03-04,MS,-0.2685360434697941,8,0.8918341100215912
2026-03-05,MS,-0.33470387782694566,18,0.8728709022204081
2026-03-06,MS,-0.12704139947891235,8,0.8196463286876678
2026-03-12,MS,-0.8803846933213728,7,0.9082192608288356
2026-03-13,MS,0.9126809425652027,1,0.944366991519928
2026-03-14,MS,-0.6484953872859478,1,0.685810387134552
2026-03-16,MS,-0.08157657366245985,6,0.8299643297990164
2026-03-17,MS,0.11610671924427152,2,0.8263203203678131
2026-03-23,MS,-0.786520104855299,1,0.8383252620697021
2026-03-24,MS,0.7776047624647617,1,0.8146628141403198
2026-03-25,MS,0.9136881344020367,1,0.934977650642395
2026-02-22,MSFT,0.07767156853030126,6,0.8266388177871704
2026-02-23,MSFT,-0.014037989545613527,2,0.868253231048584
2026-02-26,MSFT,0.11637440955059396,9,0.884582413567437
2026-03-04,MSFT,0.13196455157147005,13,0.7679781180161697
2026-03-05,MSFT,-0.01781820148850481,18,0.8103179699844785
2026-03-06,MSFT,0.043590521439909935,6,0.9077049791812897
2026-03-10,MSFT,-0.18143708035349845,5,0.7554479241371155
2026-03-11,MSFT,0.08236036977420251,3,0.87745600938797
2026-03-12,MSFT,-0.0776301986641354,9,0.8303375773959689
2026-03-13,MSFT,-0.24190997860083976,3,0.8746941089630127
2026-03-14,MSFT,0.09993508644402027,2,0.8711273372173309
2026-03-16,MSFT,-0.2110630204635007,7,0.8686168789863586
2026-03-17,MSFT,0.11458039625237386,9,0.814468695057763
2026-03-23,MSFT,-0.17189234428639924,7,0.8462439264569964
2026-03-24,MSFT,0.478053105995059,2,0.8534179925918579
2026-03-25,MSFT,-0.011108766842101301,7,0.7924806475639343
2026-03-06,MTN,-0.05868133716285229,2,0.8857755661010742
2026-03-10,MTN,-0.7231298657134175,2,0.8177362084388733
2026-03-16,MTN,0.3720966102555394,1,0.611933171749115
2025-12-01,NVDA,0.030682770535349846,1,0.9425266981124878
2026-02-22,NVDA,0.11337603736095704,13,0.8614508005288931
2026-02-23,NVDA,0.18080293536186218,10,0.8842016100883484
2026-02-25,NVDA,0.11238061934709549,40,0.8194003999233246
2026-02-26,NVDA,0.008694566447626461,55,0.8637850653041493
2026-03-04,NVDA,0.26741438726894556,20,0.8545182168483734
2026-03-05,NVDA,0.030691014414724823,52,0.8160408655038247
2026-03-06,NVDA,0.01626636845887535,36,0.8304332428508334
2026-03-10,NVDA,0.2550192502327263,10,0.8829536676406861
2026-03-11,NVDA,0.10495350114069879,4,0.8673369735479355
2026-03-12,NVDA,-0.039102916660554266,17,0.8165865680750679
2026-03-13,NVDA,-0.17141348283205712,7,0.8790759529386248
2026-03-14,NVDA,-0.4943709350191057,2,0.9354011118412018
2026-03-15,NVDA,-0.041530798455434184,7,0.8468924335071019
2026-03-16,NVDA,0.21950821016824482,113,0.8291267905615073
2026-03-17,NVDA,0.004974061587395577,39,0.8387566193556174
2026-03-23,NVDA,0.3688439791090786,10,0.738440477848053
2026-03-24,NVDA,0.17398463541434872,9,0.8053499261538187
2026-03-25,NVDA,0.3461471197078936,16,0.8037205375730991
2026-02-26,NZDUSD,-0.6408156305551529,1,0.8131011724472046
2026-03-04,NZDUSD,0.7043133527040482,1,0.8396374583244324
2026-03-05,NZDUSD,-0.9573241239413619,1,0.9709131717681885
2026-03-06,NZDUSD,-0.6729653105139732,2,0.8151187598705292
2026-03-16,NZDUSD,0.8877467103302479,1,0.9346246123313904
2026-02-22,OAT,0.033849893137812614,1,0.926050066947937
2026-02-24,OAT,0.8923717965371907,1,0.8992589116096497
2026-03-16,OAT,0.13710903655737638,1,0.8460797071456909
2026-03-25,OAT,-0.06653443723917007,1,0.8732472062110901
2026-03-05,PPLT,0.2025390942580998,2,0.7642515599727631
2026-02-23,QQQ,-0.9485926735214889,1,0.9564037919044495
2026-02-26,QQQ,-0.812169024720788,2,0.8546905517578125
2026-03-04,QQQ,0.2808592493335406,3,0.7105419238408407
2026-03-05,QQQ,-0.3270261933794245,8,0.8693233728408813
2026-03-06,QQQ,-0.6092316211822132,6,0.9295185407002767
2026-03-10,QQQ,-0.9438789710402489,1,0.9592958092689514
2026-03-11,QQQ,-0.400459919590503,2,0.8873528838157654
2026-03-12,QQQ,-0.04447791678830981,2,0.9154998064041138
2026-03-13,QQQ,-0.8925845958292484,1,0.9152815937995911
2026-03-16,QQQ,0.45357611775398254,1,0.7119461297988892
2026-03-17,QQQ,0.6298567391932011,2,0.7866710722446442
2026-03-25,QQQ,0.7660146653652191,1,0.7781217098236084
2026-02-26,RIO,0.48796595726162195,2,0.8669896423816681
2026-03-05,RIO,-0.4313776260241866,2,0.9114387631416321
2026-03-06,RIO,-0.56150072067976,1,0.679378867149353
2026-03-12,RIO,-0.6529550962150097,1,0.6997313499450684
2026-03-17,RIO,0.11892886646091938,1,0.8536691665649414
2026-03-24,RIO,0.2128991698846221,1,0.7686921954154968
2026-03-25,RIO,0.8206885907178124,3,0.8345345854759216
2026-02-26,SAN,0.3737021740525961,1,0.606192409992218
2026-03-04,SAN,0.044070471078157425,1,0.9087246656417847
2026-03-05,SAN,-0.9446426434442401,1,0.9580249190330505
2026-03-12,SAN,0.2677143244072795,1,0.7160295844078064
2026-02-20,SBUX,0.03542759269475937,1,0.9275354146957397
2026-02-22,SBUX,-0.2866456676274538,2,0.8171044588088989
2026-02-26,SBUX,0.586002578958869,1,0.6005616188049316
2026-03-04,SBUX,-0.36855658050626516,2,0.8652180135250092
2026-03-05,SBUX,-0.19115299405530095,2,0.7875807583332062
2026-03-06,SBUX,-0.014113490004092455,2,0.9588127136230469
2026-03-10,SBUX,0.6860869149677455,2,0.797820121049881
2026-03-12,SBUX,0.02087666466832161,2,0.9315563440322876
2026-03-15,SBUX,0.06988241523504257,1,0.8634989261627197
2026-03-17,SBUX,-0.9310908792540431,1,0.9465346932411194
2026-03-25,SBUX,0.29769919347018003,1,0.6828364729881287
2026-02-27,SHY,-0.039415858685970306,1,0.8321252465248108
2026-03-16,SILVER,-0.5149286263622344,2,0.9093902409076691
2026-03-20,SILVER,0.23000745009630919,1,0.7441591024398804
2026-02-23,SLB,0.1534711243584752,1,0.830791711807251
2026-03-10,SLB,0.11788973584771156,1,0.8325155973434448
2026-03-14,SLB,-0.9228016976267099,1,0.9534294605255127
2026-03-17,SLB,0.6999953491613269,2,0.7166136503219604
2026-03-25,SLB,0.042924668019016586,3,0.7857726812362671
2026-01-29,SLV,-0.9429137520492077,1,0.9586805105209351
2026-01-30,SLV,-0.317417262122035,11,0.8404569300738248
2026-02-01,SLV,0.31590153090655804,3,0.9056329727172852
2026-02-02,SLV,-0.3921500492841005,10,0.8328776001930237
2026-02-03,SLV,0.1768078420843397,7,0.8534444485391889
2026-02-04,SLV,0.18395141744986176,2,0.7668968439102173
2026-02-05,SLV,-0.2854022116710742,3,0.88306858142217
2026-02-06,SLV,-0.7196075357496738,1,0.7441219091415405
2026-02-08,SLV,0.40844153333455324,2,0.7910189032554626
2026-02-09,SLV,-0.22687855595722795,4,0.802434042096138
2026-02-12,SLV,0.09959585964679718,3,0.7874839703241984
2026-02-16,SLV,-0.03131938353180885,1,0.8846755027770996
2026-02-24,SLV,0.6617642864584923,1,0.7245857119560242
2026-02-25,SLV,-0.6772811934351921,1,0.7248187065124512
2026-02-26,SLV,0.7259938456118107,1,0.7402305603027344
2026-03-03,SLV,0.02200663648545742,1,0.9370920062065125
2026-03-05,SLV,-0.6509436555206776,1,0.6778852939605713
2026-03-09,SLV,-0.21421504393219948,1,0.6733084917068481
2026-03-11,SLV,0.11993569228798151,1,0.8561261296272278
2025-11-28,SPY,-0.9563362896442413,1,0.9653010368347168
2026-01-15,SPY,0.03701642155647278,1,0.8217276930809021
2026-01-25,SPY,0.5858050100505352,1,0.6349943280220032
2026-01-27,SPY,-0.14319686591625214,1,0.6194372773170471
2026-02-02,SPY,-0.006608199328184128,1,0.8924980759620667
2026-02-09,SPY,-0.24396896734833717,1,0.696739912033081
2026-02-10,SPY,-0.039563700556755066,1,0.8551581501960754
2026-02-12,SPY,0.023516874760389328,2,0.8759194314479828
2026-02-13,SPY,-0.8757030833512545,1,0.8987244963645935
2026-02-16,SPY,-0.07441771030426025,1,0.8868861198425293
2026-02-17,SPY,0.274943543287615,3,0.8371878266334534
2026-02-18,SPY,-0.36260005831718445,1,0.5550822019577026
2026-02-20,SPY,-0.01896853162907064,4,0.8186296373605728
2026-02-21,SPY,-0.28825705125927925,3,0.9211844007174174
2026-02-22,SPY,-0.4447204129149516,3,0.8082370360692342
2026-02-23,SPY,-0.6656125211580233,11,0.8506448702378706
2026-02-24,SPY,-0.1761324368417263,1,0.7354251146316528
2026-02-25,SPY,-0.43554737279191613,6,0.8673693736394247
2026-02-26,SPY,-0.3181941800696008,17,0.8334223487797905
2026-02-27,SPY,-0.5814542174339294,1,0.7610202431678772
2026-02-28,SPY,-0.019319362938404083,1,0.9094898700714111
2026-03-02,SPY,0.8424090668559074,1,0.9044486880302429
2026-03-03,SPY,-0.09972964599728584,2,0.7694759368896484
2026-03-04,SPY,-0.1447159928580125,30,0.8224328855673472
2026-03-05,SPY,-0.14083007167881498,26,0.8260503663466527
2026-03-06,SPY,-0.411636405531317,30,0.8755535860856374
2026-03-09,SPY,-0.8844515606760979,1,0.9065044522285461
2026-03-10,SPY,-0.2817946218752435,7,0.8183352947235107
2026-03-11,SPY,-0.209960873471573,4,0.9219557046890259
2026-03-12,SPY,-0.4012528056388392,17,0.8580063300974229
2026-03-13,SPY,-0.35741674969904125,4,0.8368930518627167
2026-03-14,SPY,-0.5629794349273046,3,0.903240958849589
2026-03-15,SPY,-0.03117106854915619,1,0.9150683283805847
2026-03-16,SPY,-0.021244447877896682,14,0.816699492079871
2026-03-17,SPY,0.017119765680815493,14,0.8128285109996796
2026-03-18,SPY,0.09418535605072975,1,0.8849915862083435
2026-03-20,SPY,-0.09142615646123886,1,0.7009214162826538
2026-03-22,SPY,0.024583663791418076,1,0.9176751375198364
2026-03-23,SPY,-0.16883580732558454,7,0.7773388624191284
2026-03-24,SPY,-0.5337165961455967,9,0.8905429376496209
2026-03-25,SPY,0.009286917661401358,11,0.8224778012795881
2025-07-17,TLT,-0.9194457978010178,1,0.9457342624664307
2025-07-21,TLT,-0.7052994221448898,1,0.8436765074729919
2025-07-22,TLT,0.03779148310422897,1,0.928256630897522
2025-07-30,TLT,0.29288478707894683,2,0.7963593304157257
2025-08-01,TLT,-0.8863615430891514,1,0.9345182776451111
2025-08-05,TLT,0.3436220083385706,2,0.7718968391418457
2025-08-12,TLT,0.07367744110524654,1,0.8663082122802734
2025-08-18,TLT,0.11426007933914661,2,0.8254932463169098
2025-08-22,TLT,0.4131454825401306,1,0.5702369213104248
2025-08-25,TLT,0.2095005288720131,1,0.7262928485870361
2025-08-26,TLT,-0.4745340049266815,1,0.6275594830513
2025-09-02,TLT,-0.9016584623605013,2,0.9325339496135712
2025-09-03,TLT,-0.0709725059568882,2,0.8558533489704132
2025-09-07,TLT,0.7501096837222576,1,0.8091326355934143
2025-09-11,TLT,-0.06608716398477554,2,0.6965484917163849
2025-09-17,TLT,-0.03162459656596184,1,0.8766162395477295
2025-09-30,TLT,0.2775851348415017,2,0.7218635082244873
2025-10-02,TLT,-0.8440679218620062,1,0.8599334955215454
2025-10-13,TLT,0.20694690570235252,1,0.767069399356842
2025-10-15,TLT,0.8061959110200405,1,0.8387184143066406
2025-10-21,TLT,0.7939972430467606,1,0.8342674970626831
2025-10-22,TLT,-0.8620542101562023,1,0.8858726620674133
2025-10-29,TLT,-0.9274614695459604,1,0.9446685910224915
2025-11-05,TLT,0.8384090233594179,2,0.8574699759483337
2025-11-06,TLT,0.12182907341048121,2,0.8415785133838654
2025-11-16,TLT,0.04415394924581051,1,0.924216628074646
2025-11-18,TLT,0.06228164955973625,1,0.8851062655448914
2025-11-27,TLT,-0.15242471359670162,1,0.7873712778091431
2025-11-29,TLT,0.0203950684517622,1,0.9411172270774841
2025-12-01,TLT,-0.14213821664452553,3,0.8360087474187216
2025-12-04,TLT,0.057789744809269905,3,0.8587631980578104
2025-12-05,TLT,-0.8920512739568949,1,0.91156005859375
2025-12-08,TLT,-0.8115244675427675,1,0.8275148868560791
2025-12-11,TLT,-0.003903556615114212,2,0.9362620413303375
2025-12-17,TLT,-0.32165145066877204,3,0.9508034785588583
2025-12-19,TLT,0.22417636960744858,1,0.7101960182189941
2025-12-24,TLT,-0.04917669668793678,1,0.8822791576385498
2025-12-26,TLT,0.11683707218617201,1,0.8650738596916199
2025-12-30,TLT,0.02132261171936989,1,0.9371748566627502
2026-01-05,TLT,0.029448484536260366,2,0.724261999130249
2026-01-14,TLT,-0.9579130467027426,1,0.9667502641677856
2026-01-15,TLT,-0.741795988753438,1,0.7601125240325928
2026-01-19,TLT,0.055213358253240585,1,0.903968870639801
2026-01-21,TLT,0.1416972717270255,2,0.7490092813968658
2026-01-23,TLT,0.017056789249181747,1,0.8691319823265076
2026-01-24,TLT,-0.5443342961370945,1,0.5957619547843933
2026-01-25,TLT,0.0022955555468797684,1,0.9547364711761475
2026-01-27,TLT,-0.6084511540830135,1,0.6345343589782715
2026-02-02,TLT,0.26050425972789526,1,0.719183623790741
2026-02-05,TLT,-0.003067225217819214,1,0.9005298018455505
2026-02-09,TLT,0.11816850584000349,2,0.821545273065567
2026-02-11,TLT,-0.004592154175043106,1,0.9207893013954163
2026-02-13,TLT,-0.8862456576898694,1,0.8991279006004333
2026-02-23,TLT,-0.0038147419691085815,1,0.9539444446563721
2026-02-26,TLT,0.003546249121427536,1,0.9525693655014038
2026-03-02,TLT,-0.953294675797224,1,0.9620494246482849
2026-03-03,TLT,-0.964083468541503,1,0.9718568921089172
2026-03-04,TLT,0.9160608891397715,1,0.9375721216201782
2026-03-11,TLT,0.00986507534980774,2,0.8300220668315887
2026-03-12,TLT,-0.05018537864089012,1,0.881516695022583
2026-03-17,TLT,0.06804318446666002,1,0.907529354095459
2026-03-18,TLT,0.06379146687686443,1,0.8780918121337891
2026-03-20,TLT,-0.8219362800009549,2,0.8384818732738495
2026-03-23,TLT,-0.5963335633277893,1,0.73311448097229
2026-02-21,TSLA,-0.0034729689359664917,1,0.8448788523674011
2026-02-22,TSLA,-0.4714650623500347,4,0.7828424870967865
2026-02-23,TSLA,-0.9414999866858125,1,0.9555197358131409
2026-02-25,TSLA,0.771023309789598,1,0.7853823900222778
2026-02-26,TSLA,-0.503405942581594,3,0.8166097601254781
2026-03-04,TSLA,0.17271928439537684,15,0.8164084355036417
2026-03-05,TSLA,0.061806804578130446,12,0.8286345501740774
2026-03-06,TSLA,-0.10063327032213028,13,0.8121584470455463
2026-03-10,TSLA,0.06332887336611748,6,0.8392107784748077
2026-03-11,TSLA,0.11697304365225136,4,0.8016964048147202
2026-03-12,TSLA,-0.03679270424052245,18,0.8459751341078017
2026-03-13,TSLA,0.1774133780438985,7,0.7797931773321969
2026-03-14,TSLA,0.08757422491908073,1,0.893244743347168
2026-03-15,TSLA,0.1133902557194233,1,0.8671035766601562
2026-03-16,TSLA,-0.07906151749193668,9,0.8237670527564155
2026-03-17,TSLA,0.12399720417504961,11,0.8184665441513062
2026-03-23,TSLA,0.0328329024836421,15,0.8168183922767639
2026-03-24,TSLA,0.031411226735346846,9,0.8946262266900804
2026-03-25,TSLA,-0.01336149126291275,9,0.815793686442905
2026-02-25,TTE,0.8840426271781325,2,0.9035525321960449
2026-03-06,TTE,0.04926712182350457,4,0.9096500277519226
2026-03-12,TTE,-0.022382488939911127,4,0.8331852853298187
2026-03-13,TTE,0.03561465069651604,1,0.9177477359771729
2026-03-16,TTE,-0.5355482378508896,4,0.8463778793811798
2026-03-17,TTE,0.07554208801593632,4,0.8873331397771835
2026-03-23,TTE,-0.15952962140242258,3,0.7691589991251627
2026-03-24,TTE,0.06775639144082864,3,0.8821927309036255
2026-02-01,UNG,0.08033104240894318,1,0.8313935399055481
2026-02-03,UNG,0.012903023511171341,1,0.9454058408737183
2026-03-03,UNG,-0.42066509276628494,2,0.9035111963748932
2026-03-04,UNG,0.254145635291934,3,0.8832029104232788
2026-03-06,UNG,0.5139186084270477,1,0.6137877702713013
2026-03-09,UNG,-0.9455441469326615,1,0.9586394429206848
2026-03-16,UNG,0.933009497821331,1,0.9458896517753601
2024-11-12,USDCAD,0.3480234947055578,1,0.6334227919578552
2026-02-16,USDCAD,0.3751959800720215,1,0.6616446375846863
2026-02-18,USDCAD,-0.8897774685174227,1,0.9195193648338318
2026-02-23,USDCAD,-0.4761088043451309,1,0.7031722068786621
2026-02-25,USDCAD,0.842150840908289,1,0.8827552795410156
2026-02-26,USDCAD,-0.36266628513112664,2,0.8696147799491882
2026-02-27,USDCAD,-0.2961914874613285,2,0.674338161945343
2026-03-04,USDCAD,0.022299904376268387,5,0.7369135618209839
2026-03-05,USDCAD,-0.11924884486943484,5,0.885829758644104
2026-03-06,USDCAD,0.8976655383594334,2,0.9081794917583466
2026-03-11,USDCAD,0.028698276029899716,4,0.9392287284135818
2026-03-12,USDCAD,0.25790490830938023,3,0.7409605979919434
2026-03-13,USDCAD,-0.2386540114879608,5,0.8099602699279785
2026-03-16,USDCAD,-0.9301706593483686,5,0.9535944700241089
2026-03-17,USDCAD,0.614717067219317,4,0.7934788912534714
2026-03-18,USDCAD,0.8577087447047234,1,0.8945992588996887
2026-03-24,USDCAD,0.8439497500658035,2,0.9027847647666931
2025-12-10,USDCHF,0.010992567986249924,1,0.9325681328773499
2026-02-15,USDCHF,-0.9239515736699104,1,0.9512739777565002
2026-02-20,USDCHF,-0.880961213260889,1,0.9335404634475708
2026-02-23,USDCHF,-0.6944971084594727,1,0.8292447924613953
2026-02-26,USDCHF,-0.1386709821720918,3,0.8103425900141398
2026-03-04,USDCHF,-0.7772536184638739,3,0.8142178058624268
2026-03-05,USDCHF,0.18912187404930592,2,0.8489358127117157
2026-03-06,USDCHF,-0.9485568962991238,2,0.9649758338928223
2026-03-10,USDCHF,-0.32338130474090576,1,0.5822324156761169
2026-03-12,USDCHF,0.7745168032124639,1,0.7857090830802917
2026-03-13,USDCHF,0.8524955809116364,1,0.9131945371627808
2026-03-16,USDCHF,-0.4472493613138795,4,0.7738531082868576
2026-03-17,USDCHF,0.4819995618114869,3,0.7842684984207153
2026-03-24,USDCHF,0.336678683757782,1,0.5813990235328674
2026-03-25,USDCHF,0.8463625125586987,1,0.8745656609535217
2024-08-02,USDEGP,-0.9307403787970543,1,0.9568355679512024
2024-10-11,USDJPY,0.10341350734233856,1,0.5866677165031433
2026-02-15,USDJPY,0.11478054523468018,1,0.6640559434890747
2026-02-19,USDJPY,-0.7812871523201466,1,0.8403857350349426
2026-02-24,USDJPY,-0.6871723681688309,1,0.7633551359176636
2026-02-25,USDJPY,-0.31907631270587444,2,0.7687388062477112
2026-02-26,USDJPY,-0.3341358434408903,8,0.8752550482749939
2026-03-04,USDJPY,-0.4337997008115053,3,0.8734533389409384
2026-03-05,USDJPY,-0.15246522910892962,5,0.8740446448326111
2026-03-06,USDJPY,-0.09031512471847236,4,0.7524766027927399
2026-03-09,USDJPY,0.8988295011222363,1,0.9366293549537659
2026-03-11,USDJPY,0.05716243386268616,2,0.6375873982906342
2026-03-12,USDJPY,-0.10394632071256638,2,0.8633969724178314
2026-03-13,USDJPY,0.5180589370429516,4,0.8253269791603088
2026-03-16,USDJPY,-0.6131636942736804,4,0.8919055759906769
2026-03-17,USDJPY,-0.2615124214440584,5,0.7788518190383911
2026-03-18,USDJPY,-0.30074257403612137,1,0.6354387998580933
2026-03-19,USDJPY,-0.9525597840547562,1,0.9705341458320618
2026-03-20,USDJPY,-0.7212838903069496,1,0.7974204421043396
2026-03-24,USDJPY,-0.2775429174304008,5,0.8892189860343933
2026-03-03,USDMAD,-0.29678603261709213,1,0.5984776020050049
2026-03-04,USDMAD,0.15487840616454682,3,0.7809946338335673
2026-03-05,USDMAD,-0.01970502734184265,1,0.853096604347229
2026-03-06,USDMAD,0.058386510238051414,1,0.906053364276886
2026-03-16,USDMAD,-0.6011774952833852,3,0.9202201167742411
2026-03-17,USDMAD,-0.17548312712460756,2,0.7718889117240906
2026-03-23,USDMAD,-0.8847975125536323,1,0.8983832001686096
2026-03-24,USDMAD,0.011209065094590187,1,0.9423603415489197
2026-03-25,USDMAD,-0.9335520779713988,1,0.9456968307495117
2026-03-04,USDNOK,0.9148526228964329,1,0.9485148191452026
2026-03-11,USDNOK,-0.9180305860936642,1,0.9499511122703552
2026-03-17,USDNOK,0.06674432381987572,1,0.8539350628852844
2026-03-05,USDSEK,-0.09084693668410182,4,0.8365140557289124
2026-03-11,USDSEK,-0.4407668709754944,1,0.6896052360534668
2026-03-16,USDSEK,-0.6120172590017319,2,0.7461697161197662
2026-02-20,USDTRY,0.9258968997746706,1,0.9441272020339966
2026-02-21,USDTRY,-0.7929882705211639,1,0.8571437001228333
2026-02-26,USDTRY,-0.5457311701029539,1,0.5684890747070312
2026-02-28,USDTRY,-0.8986370824277401,1,0.9193893074989319
2026-03-02,USDTRY,0.4157840311527252,1,0.6816300749778748
2026-03-04,USDTRY,-0.6317715849727392,4,0.7345177531242371
2026-03-05,USDTRY,0.006636197989185651,3,0.9183019598325094
2026-03-06,USDTRY,-0.008273601531982422,1,0.8424820303916931
2026-03-11,USDTRY,-0.9051840738393366,2,0.923136293888092
2026-03-12,USDTRY,0.05330304056406021,1,0.8864552974700928
2026-03-13,USDTRY,-0.8948166438688835,3,0.9116188287734985
2026-03-16,USDTRY,0.024435191601514816,5,0.8064551472663879
2026-03-17,USDTRY,-0.31194204464554787,3,0.8808094461758932
2026-03-19,USDTRY,0.6542656421661377,1,0.8171149492263794
2026-03-20,USDTRY,-0.07835932075977325,1,0.6351497173309326
2026-03-23,USDTRY,0.29712746664881706,1,0.6605983376502991
2026-03-24,USDTRY,-0.35419226437807083,1,0.5655792355537415
2026-03-25,USDTRY,0.20540102757513523,1,0.7681808471679688
2025-02-03,USDZAR,0.3195107067003846,1,0.6633766293525696
2026-02-23,USDZAR,-0.9094637120142579,1,0.921293318271637
2026-02-24,USDZAR,-0.9190762089565396,1,0.9334551095962524
2026-02-26,USDZAR,0.8028145981952548,2,0.8622058928012848
2026-03-04,USDZAR,-0.9460903140716255,2,0.9541775584220886
2026-03-05,USDZAR,-0.94170892983675,1,0.9530086517333984
2026-03-06,USDZAR,-0.1590370312333107,1,0.7816026210784912
2026-03-11,USDZAR,0.7895694710314274,2,0.8017023801803589
2026-03-12,USDZAR,-0.8974364278838038,1,0.9129647016525269
2026-03-16,USDZAR,-0.546736646288385,6,0.7782579362392426
2026-03-17,USDZAR,0.029653940349817276,2,0.9187816977500916
2026-03-21,USDZAR,-0.6216515339910984,1,0.661105215549469
2026-03-24,USDZAR,-0.24567579478025436,1,0.6241347193717957
2026-02-01,VGSH,0.029520800337195396,1,0.9293733239173889
2026-02-13,WEAT,0.019578026607632637,1,0.9262755513191223
2026-02-27,WEAT,-0.18842321634292603,1,0.7446417808532715
2026-03-02,WEAT,0.5101576521992683,1,0.611334502696991
2026-03-09,WEAT,-0.6081737466156483,1,0.6647288799285889
2026-03-10,WEAT,0.6749397367238998,1,0.8050057291984558
2026-03-04,WFC,0.8995582032948732,1,0.9245138764381409
2026-03-05,WFC,0.03902914375066757,3,0.7652242183685303
2026-03-06,WFC,-0.8353147821035236,4,0.863405853509903
2026-03-12,WFC,0.15623063500970602,1,0.8202770948410034
2026-03-14,WFC,-0.307447737082839,1,0.6318636536598206
2026-03-15,WFC,-0.7463414818048477,1,0.7707036137580872
2026-03-16,WFC,-0.02957119792699814,1,0.8908179998397827
2026-03-17,WFC,-0.01884913071990013,1,0.9419596195220947
2026-03-24,WFC,-0.9515387713909149,1,0.9628004431724548
2026-01-30,WTI,0.8743220530450344,1,0.9233238101005554
2026-02-02,WTI,0.0515679894015193,1,0.9194124341011047
2026-02-04,WTI,0.8060590475797653,3,0.8913626869519552
2026-02-05,WTI,-0.9228503555059433,1,0.9562971591949463
2026-02-06,WTI,0.9113868325948715,1,0.9461533427238464
2026-02-10,WTI,0.47560513438656926,2,0.9309751689434052
2026-02-11,WTI,-0.9426074288785458,1,0.9649996757507324
2026-02-12,WTI,-0.046867161989212036,2,0.9442423284053802
2026-02-13,WTI,0.47622381150722504,2,0.942243218421936
2026-02-18,WTI,0.825686514377594,1,0.8909157514572144
2026-02-20,WTI,0.03900001384317875,1,0.9127335548400879
2026-02-21,WTI,-0.026751451194286346,1,0.88355952501297
2026-02-22,WTI,-0.03531680628657341,1,0.8839961290359497
2026-02-23,WTI,-0.46115382318384945,4,0.926542267203331
2026-02-24,WTI,-0.9492159998044372,1,0.9626083374023438
2026-02-25,WTI,-0.21112684928812087,4,0.878555029630661
2026-02-26,WTI,0.1740341294556856,5,0.8106407880783081
2026-02-27,WTI,-0.024015581235289574,1,0.9230642914772034
2026-03-02,WTI,-0.13784510642290115,1,0.7542454600334167
2026-03-03,WTI,-0.2320054629817605,2,0.7318845391273499
2026-03-04,WTI,-0.0725893228004376,15,0.8127752741177877
2026-03-05,WTI,-0.46586056390984193,45,0.8441393362151252
2026-03-06,WTI,-0.41747656755615026,40,0.8403562337160111
2026-03-08,WTI,-0.07759148627519608,1,0.8370007872581482
2026-03-09,WTI,-0.38305681908968836,8,0.7925843670964241
2026-03-10,WTI,-0.35824737335658735,18,0.8172527584764693
2026-03-11,WTI,-0.1991282277740538,20,0.7823194175958633
2026-03-12,WTI,-0.395972274332529,42,0.8192884311789558
2026-03-13,WTI,-0.22250109287695244,13,0.7955650182870718
2026-03-14,WTI,-0.050745781511068344,3,0.8070200880368551
2026-03-15,WTI,-0.3379599961452186,10,0.8218899965286255
2026-03-16,WTI,-0.11268834749282133,41,0.7908931229172683
2026-03-17,WTI,-0.10066913906484842,25,0.8514402484893799
2026-03-19,WTI,0.15924998559057713,1,0.8017958402633667
2026-03-21,WTI,-0.06754134595394135,1,0.7410322427749634
2026-03-23,WTI,-0.15778420741359392,9,0.7456618547439575
2026-03-24,WTI,-0.5473535335980929,13,0.8377749919891357
2026-03-25,WTI,-0.4294113549158761,19,0.7858387200455916
2026-02-23,XLF,0.006868712604045868,1,0.9273727536201477
2026-03-04,XLF,-0.6946700140833855,1,0.7833492755889893
2026-03-06,XLF,-0.4087051432579756,2,0.6829937994480133
2026-03-17,XLF,-0.8086150400340557,1,0.8624789118766785
2026-02-22,XOM,-0.00241822749376297,1,0.9231486916542053
2026-02-23,XOM,-0.1437297910451889,1,0.5758740901947021
2026-02-25,XOM,0.6618085354566574,1,0.6779084801673889
2026-03-04,XOM,0.4473465299233794,2,0.9179456233978271
2026-03-05,XOM,0.2521212862338871,4,0.9038287401199341
2026-03-06,XOM,-0.311003793651859,3,0.9055890440940857
2026-03-10,XOM,-0.33998719913264114,3,0.8852922717730204
2026-03-12,XOM,-0.7432246766984463,2,0.8205664753913879
2026-03-14,XOM,0.0074976229419310885,3,0.9081415931383768
2026-03-15,XOM,0.05650877486914396,1,0.914524257183075
2026-03-17,XOM,0.2606056174263358,1,0.7179760336875916
2026-03-25,XOM,-0.060964894481003284,2,0.8620223104953766
